{"properties":{"connectionReferences":{"shared_commondataserviceforapps":{"runtimeSource":"embedded","connection":{},"api":{"name":"shared_commondataserviceforapps"}}},"definition":{"$schema":"https://schema.management.azure.com/providers/Microsoft.Logic/schemas/2016-06-01/workflowdefinition.json#","contentVersion":"1.0.0.0","parameters":{"$connections":{"defaultValue":{},"type":"Object"},"$authentication":{"defaultValue":{},"type":"SecureObject"}},"triggers":{"manual":{"type":"Request","kind":"VirtualAgent","inputs":{"schema":{"type":"object","properties":{"text":{"title":"Phone","type":"string","x-ms-dynamically-added":true,"description":"Please enter your input","x-ms-content-hint":"TEXT"}},"required":["text"]}}}},"actions":{"Return_value(s)_to_Power_Virtual_Agents":{"runAfter":{"Get_a_record":["Succeeded"]},"type":"Response","kind":"VirtualAgent","inputs":{"statusCode":200,"body":{"accpunt_value":"@outputs('Get_a_record')?['body/_accountid_value']"},"schema":{"type":"object","properties":{"accpunt_value":{"title":"Accpunt Value","x-ms-dynamically-added":true,"type":"string"}}}}},"Get_a_record":{"runAfter":{},"type":"OpenApiConnection","inputs":{"host":{"connectionName":"shared_commondataserviceforapps","operationId":"GetItem","apiId":"/providers/Microsoft.PowerApps/apis/shared_commondataserviceforapps"},"parameters":{"entityName":"contacts","recordId":"@triggerBody()['text']"},"authentication":"@parameters('$authentication')"}}},"outputs":{}}},"schemaVersion":"1.0.0.0"}