{"properties":{"connectionReferences":{"shared_commondataserviceforapps":{"runtimeSource":"embedded","connection":{},"api":{"name":"shared_commondataserviceforapps"}}},"definition":{"$schema":"https://schema.management.azure.com/providers/Microsoft.Logic/schemas/2016-06-01/workflowdefinition.json#","contentVersion":"1.0.0.0","parameters":{"$connections":{"defaultValue":{},"type":"Object"},"$authentication":{"defaultValue":{},"type":"SecureObject"}},"triggers":{"manual":{"type":"Request","kind":"VirtualAgent","inputs":{"schema":{"type":"object","properties":{"text":{"title":"Last Name","type":"string","x-ms-dynamically-added":true,"description":"Please enter your input","x-ms-content-hint":"TEXT"},"text_2":{"title":"Email","type":"string","x-ms-dynamically-added":true,"description":"Please enter your input","x-ms-content-hint":"TEXT"},"text_3":{"title":"Date for Service","type":"string","x-ms-dynamically-added":true,"description":"Please enter your input","x-ms-content-hint":"TEXT"},"text_4":{"title":"Grocery Location","type":"string","x-ms-dynamically-added":true,"description":"Please enter your input","x-ms-content-hint":"TEXT"},"text_5":{"title":"Client City","type":"string","x-ms-dynamically-added":true,"description":"Please enter your input","x-ms-content-hint":"TEXT"},"text_6":{"title":"Client Lat","type":"string","x-ms-dynamically-added":true,"description":"Please enter your input","x-ms-content-hint":"TEXT"},"text_7":{"title":"Client Long","type":"string","x-ms-dynamically-added":true,"description":"Please enter your input","x-ms-content-hint":"TEXT"},"text_8":{"title":"Client State","type":"string","x-ms-dynamically-added":true,"description":"Please enter your input","x-ms-content-hint":"TEXT"},"text_1":{"title":"Client Location ID","type":"string","x-ms-dynamically-added":true,"description":"Please enter your input","x-ms-content-hint":"TEXT"},"text_9":{"title":"First Name","type":"string","x-ms-dynamically-added":true,"description":"Please enter your input","x-ms-content-hint":"TEXT"},"text_10":{"title":"Mobile Phone","type":"string","x-ms-dynamically-added":true,"description":"Please enter your input","x-ms-content-hint":"TEXT"}},"required":["text","text_2","text_3","text_4","text_5","text_6","text_7","text_8","text_1","text_9","text_10"]}}}},"actions":{"Return_value(s)_to_Power_Virtual_Agents":{"runAfter":{"Create_the_Request":["Succeeded"]},"type":"Response","kind":"VirtualAgent","inputs":{"statusCode":200,"body":{"request_number":"@outputs('Create_the_Request')?['body/mbas_requestassistanceid']","assistance_required":false},"schema":{"type":"object","properties":{"request_number":{"title":"Request Number","x-ms-dynamically-added":true,"type":"string"},"assistance_required":{"title":"Assistance Required","x-ms-dynamically-added":true,"type":"boolean"}}}}},"Create_the_Contact":{"runAfter":{},"type":"OpenApiConnection","inputs":{"host":{"connectionName":"shared_commondataserviceforapps","operationId":"CreateRecord","apiId":"/providers/Microsoft.PowerApps/apis/shared_commondataserviceforapps"},"parameters":{"entityName":"contacts","item/lastname":"@triggerBody()['text']","item/address1_city":"@triggerBody()['text_5']","item/emailaddress1":"@triggerBody()['text_2']","item/mobilephone":"@triggerBody()['text_10']","item/address1_latitude":"@float(triggerBody()['text_6'])","item/address1_longitude":"@float(triggerBody()['text_7'])","item/address1_stateorprovince":"@triggerBody()['text_8']","item/mbas_Location@odata.bind":"mbas_locations(@{triggerBody()['text_1']})"},"authentication":"@parameters('$authentication')"}},"Create_the_Request":{"runAfter":{"Initialize_variable":["Succeeded"]},"type":"OpenApiConnection","inputs":{"host":{"connectionName":"shared_commondataserviceforapps","operationId":"CreateRecord","apiId":"/providers/Microsoft.PowerApps/apis/shared_commondataserviceforapps"},"parameters":{"entityName":"mbas_requestforassistances","item/mbas_assistanceqty":1,"item/mbas_name":"Groceries","item/mbas_AssistanceLocation@odata.bind":"mbas_locations(@{triggerBody()['text_1']})","item/mbas_AssistanceType@odata.bind":"mbas_assistancetypes(e61a1afb-428c-ea11-a811-000d3a6aaf7c)","item/mbas_Client@odata.bind":"contacts(@{outputs('Create_the_Contact')?['body/contactid']})","item/mbas_dateforassistance":"@addhours(triggerBody()['text_3'], -10)","item/statuscode":1,"item/mbas_zsystemassistancerequired":"@variables('assistance')"},"authentication":"@parameters('$authentication')"}},"Initialize_variable":{"runAfter":{"Create_the_Contact":["Succeeded"]},"type":"InitializeVariable","inputs":{"variables":[{"name":"assistance","type":"string","value":"Groceries delivered from @{triggerBody()['text_4']} to @{triggerBody()['text_5']}"}]}}},"outputs":{}}},"schemaVersion":"1.0.0.0"}