{"properties":{"connectionReferences":{"shared_commondataserviceforapps":{"runtimeSource":"embedded","connection":{},"api":{"name":"shared_commondataserviceforapps"}}},"definition":{"$schema":"https://schema.management.azure.com/providers/Microsoft.Logic/schemas/2016-06-01/workflowdefinition.json#","contentVersion":"1.0.0.0","parameters":{"$connections":{"defaultValue":{},"type":"Object"},"$authentication":{"defaultValue":{},"type":"SecureObject"}},"triggers":{"manual":{"type":"Request","kind":"VirtualAgent","inputs":{"schema":{"type":"object","properties":{"text":{"title":"Contact ID","type":"string","x-ms-dynamically-added":true,"description":"Please enter your input","x-ms-content-hint":"TEXT"},"text_2":{"title":"Client City","type":"string","x-ms-dynamically-added":true,"description":"Please enter your input","x-ms-content-hint":"TEXT"},"text_3":{"title":"Date for service","type":"string","x-ms-dynamically-added":true,"description":"Please enter your input","x-ms-content-hint":"TEXT"},"text_1":{"title":"Grocery Location","type":"string","x-ms-dynamically-added":true,"description":"Please enter your input","x-ms-content-hint":"TEXT"},"text_4":{"title":"Location ID","type":"string","x-ms-dynamically-added":true,"description":"Please enter your input","x-ms-content-hint":"TEXT"}},"required":["text","text_2","text_3","text_1","text_4"]}}}},"actions":{"Return_value(s)_to_Power_Virtual_Agents":{"runAfter":{"Create_a_new_record":["Succeeded"]},"type":"Response","kind":"VirtualAgent","inputs":{"statusCode":200,"body":{"request_number":"@outputs('Create_a_new_record')?['body/mbas_requestassistanceid']","require_agent":false},"schema":{"type":"object","properties":{"request_number":{"title":"Request Number","x-ms-dynamically-added":true,"type":"string"},"require_agent":{"title":"Require Agent","x-ms-dynamically-added":true,"type":"boolean"}}}}},"Create_a_new_record":{"runAfter":{"Initialize_variable":["Succeeded"]},"type":"OpenApiConnection","inputs":{"host":{"connectionName":"shared_commondataserviceforapps","operationId":"CreateRecord","apiId":"/providers/Microsoft.PowerApps/apis/shared_commondataserviceforapps"},"parameters":{"entityName":"mbas_requestforassistances","item/mbas_assistanceqty":1,"item/mbas_name":"Grocery Assistance","item/mbas_AssistanceLocation@odata.bind":"mbas_locations(@{triggerBody()['text_4']})","item/mbas_AssistanceType@odata.bind":"mbas_assistancetypes(e61a1afb-428c-ea11-a811-000d3a6aaf7c)","item/mbas_Client@odata.bind":"contacts(@{triggerBody()['text']})","item/mbas_dateforassistance":"@addhours(triggerBody()['text_3'], -10)","item/mbas_zsystemassistancerequired":"@variables('assistance')"},"authentication":"@parameters('$authentication')"}},"Initialize_variable":{"runAfter":{},"type":"InitializeVariable","inputs":{"variables":[{"name":"assistance","type":"string","value":"@{string(concat('Requires assistance with groceries from ', string(triggerBody()['text_1']), ' to ', string(triggerBody()['text_2'])))}"}]}}},"outputs":{}}},"schemaVersion":"1.0.0.0"}