{"properties":{"connectionReferences":{"shared_bingmaps":{"runtimeSource":"embedded","connection":{},"api":{"name":"shared_bingmaps"}},"shared_commondataserviceforapps":{"runtimeSource":"embedded","connection":{},"api":{"name":"shared_commondataserviceforapps"}}},"definition":{"$schema":"https://schema.management.azure.com/providers/Microsoft.Logic/schemas/2016-06-01/workflowdefinition.json#","contentVersion":"1.0.0.0","parameters":{"$connections":{"defaultValue":{},"type":"Object"},"$authentication":{"defaultValue":{},"type":"SecureObject"}},"triggers":{"manual":{"type":"Request","kind":"VirtualAgent","inputs":{"schema":{"type":"object","properties":{"text":{"title":"Suburb/State","type":"string","x-ms-dynamically-added":true,"description":"Please enter your input","x-ms-content-hint":"TEXT"}},"required":["text"]}}}},"actions":{"Return_value(s)_to_Power_Virtual_Agents":{"runAfter":{"Condition":["Succeeded"]},"type":"Response","kind":"VirtualAgent","inputs":{"statusCode":200,"body":{"location":"@outputs('Get_location_by_address')?['body/address/formattedAddress']","longitude":"@{outputs('Get_location_by_address')?['body/point/coordinates/longitude']}","latitude":"@{outputs('Get_location_by_address')?['body/point/coordinates/latitude']}","location_id":"@variables('location ID')","state":"@variables('Suburb')","suburb":"@variables('State')"},"schema":{"type":"object","properties":{"location":{"title":"Location","x-ms-dynamically-added":true,"type":"string"},"longitude":{"title":"Longitude","x-ms-dynamically-added":true,"type":"string"},"latitude":{"title":"Latitude","x-ms-dynamically-added":true,"type":"string"},"location_id":{"title":"Location ID","x-ms-dynamically-added":true,"type":"string"},"state":{"title":"State","x-ms-dynamically-added":true,"type":"string"},"suburb":{"title":"Suburb","x-ms-dynamically-added":true,"type":"string"}}}}},"Get_location_by_address":{"runAfter":{"Initialize_variable_3":["Succeeded"]},"type":"OpenApiConnection","inputs":{"host":{"connectionName":"shared_bingmaps","operationId":"GetLocationByAddress","apiId":"/providers/Microsoft.PowerApps/apis/shared_bingmaps"},"parameters":{"locality":"@variables('Suburb')","adminDistrict":"@variables('State')","countryRegion":"AUS"},"authentication":"@parameters('$authentication')"}},"Initialize_variable":{"runAfter":{},"type":"InitializeVariable","inputs":{"variables":[{"name":"location ID","type":"string"}]}},"List_records":{"runAfter":{"Get_location_by_address":["Succeeded"]},"type":"OpenApiConnection","inputs":{"host":{"connectionName":"shared_commondataserviceforapps","operationId":"ListRecords","apiId":"/providers/Microsoft.PowerApps/apis/shared_commondataserviceforapps"},"parameters":{"entityName":"mbas_locations","$filter":"mbas_name eq '@{replace(outputs('Get_location_by_address')?['body/address/formattedAddress'], ', Australia', '')}' and mbas_state eq '@{variables('State')}'","$top":1},"authentication":"@parameters('$authentication')"}},"Condition":{"actions":{"Create_a_new_record":{"runAfter":{},"type":"OpenApiConnection","inputs":{"host":{"connectionName":"shared_commondataserviceforapps","operationId":"CreateRecord","apiId":"/providers/Microsoft.PowerApps/apis/shared_commondataserviceforapps"},"parameters":{"entityName":"mbas_locations","item/mbas_latitude":"@outputs('Get_location_by_address')?['body/point/coordinates/latitude']","item/mbas_name":"@replace(outputs('Get_location_by_address')?['body/address/formattedAddress'], ', Australia', '')","item/mbas_longitude":"@outputs('Get_location_by_address')?['body/point/coordinates/longitude']","item/mbas_state":"@variables('State')"},"authentication":"@parameters('$authentication')"}},"Set_variable_2":{"runAfter":{"Create_a_new_record":["Succeeded"]},"type":"SetVariable","inputs":{"name":"location ID","value":"@outputs('Create_a_new_record')?['body/mbas_locationid']"}}},"runAfter":{"List_records":["Succeeded"]},"else":{"actions":{"Apply_to_each":{"foreach":"@outputs('List_records')?['body/value']","actions":{"Set_variable":{"runAfter":{},"type":"SetVariable","inputs":{"name":"location ID","value":"@items('Apply_to_each')?['mbas_locationid']"}}},"runAfter":{},"type":"Foreach"}}},"expression":{"equals":["@empty(outputs('List_records')?['body/value'])",true]},"type":"If"},"Initialize_variable_2":{"runAfter":{"Initialize_variable":["Succeeded"]},"type":"InitializeVariable","inputs":{"variables":[{"name":"Suburb","type":"string","value":"@{substring(triggerBody()['text'], 0, indexOf(triggerBody()['text'], ','))}"}]}},"Initialize_variable_3":{"runAfter":{"Initialize_variable_2":["Succeeded"]},"type":"InitializeVariable","inputs":{"variables":[{"name":"State","type":"string","value":"@{trim(substring(triggerBody()['text'], add(indexOf(triggerBody()['text'], ','), 1)))}"}]}}},"outputs":{}}},"schemaVersion":"1.0.0.0"}