{"name":"2e7e36c9-7b05-485c-9c49-b87d732eeae6","id":"/providers/Microsoft.Flow/flows/2e7e36c9-7b05-485c-9c49-b87d732eeae6","type":"Microsoft.Flow/flows","properties":{"apiId":"/providers/Microsoft.PowerApps/apis/shared_logicflows","displayName":"Execute SQL stored procedure on PowerApps button click","definition":{"metadata":{"workflowEntityId":null,"creator":{"id":"d1dd74aa-3e0e-4a37-a7fe-acfa3896719a","type":"User","tenantId":"413504eb-8622-47d2-aa72-ddbba4584471"},"provisioningMethod":"FromDefinition","failureAlertSubscription":true,"clientLastModifiedTime":"2020-05-02T12:44:58.7733581Z"},"$schema":"https://schema.management.azure.com/providers/Microsoft.Logic/schemas/2016-06-01/workflowdefinition.json#","contentVersion":"1.0.0.0","parameters":{"$connections":{"defaultValue":{},"type":"Object"},"$authentication":{"defaultValue":{},"type":"SecureObject"}},"triggers":{"manual":{"type":"Request","kind":"PowerApp","inputs":{"schema":{"type":"object","properties":{"Executestoredprocedure(V2)_SpaceID":{"type":"integer","x-ms-powerflows-param-ispartial":false},"Executestoredprocedure(V2)_DeltaUtilisation":{"type":"integer","x-ms-powerflows-param-ispartial":false}},"required":["Executestoredprocedure(V2)_SpaceID","Executestoredprocedure(V2)_DeltaUtilisation"]}}}},"actions":{"Execute_stored_procedure_(V2)":{"runAfter":{},"type":"OpenApiConnection","inputs":{"host":{"apiId":"/providers/Microsoft.PowerApps/apis/shared_sql","connectionName":"shared_sql","operationId":"ExecuteProcedure_V2"},"parameters":{"server":"default","database":"default","procedure":"operation.updateutilisation","parameters/DeltaUtilisation":"@triggerBody()['Executestoredprocedure(V2)_DeltaUtilisation']","parameters/SpaceID":"@triggerBody()['Executestoredprocedure(V2)_SpaceID']"},"authentication":{"value":"@json(decodeBase64(triggerOutputs().headers['X-MS-APIM-Tokens']))['$ConnectionKey']","type":"Raw"}}},"Respond_to_a_PowerApp_or_flow":{"runAfter":{"Execute_stored_procedure_(V2)":["Succeeded"]},"type":"Response","kind":"PowerApp","inputs":{"statusCode":200,"body":{"test":"@outputs('Execute_stored_procedure_(V2)')?['body/outputparameters/Outcome']"},"schema":{"type":"object","properties":{"test":{"title":"test","x-ms-dynamically-added":true,"type":"string"}}}}}},"outputs":{},"description":"When PowerApps control is triggered then SQL stored procedure should be executed."},"connectionReferences":{"shared_sql":{"connectionName":"ad1f67f6d4b44915adb56fdffb83b079","source":"Invoker","id":"/providers/Microsoft.PowerApps/apis/shared_sql","tier":"NotSpecified"}},"flowFailureAlertSubscribed":false}}