{"properties":{"connectionReferences":{"shared_commondataservice":{"runtimeSource":"embedded","connection":{},"api":{"name":"shared_commondataservice"}},"shared_cognitiveservicestextanalytics":{"runtimeSource":"embedded","connection":{},"api":{"name":"shared_cognitiveservicestextanalytics"}}},"definition":{"$schema":"https://schema.management.azure.com/providers/Microsoft.Logic/schemas/2016-06-01/workflowdefinition.json#","contentVersion":"1.0.0.0","parameters":{"$connections":{"defaultValue":{},"type":"Object"},"$authentication":{"defaultValue":{},"type":"SecureObject"}},"triggers":{"When_a_record_is_created":{"type":"OpenApiConnectionWebhook","inputs":{"host":{"connectionName":"shared_commondataservice","operationId":"SubscribeOnNewItems","apiId":"/providers/Microsoft.PowerApps/apis/shared_commondataservice"},"parameters":{"dataset":"default.cds","table":"incidents","scope":"Organization"},"authentication":"@parameters('$authentication')"}}},"actions":{"Detect_Sentiment":{"runAfter":{},"type":"OpenApiConnection","inputs":{"host":{"connectionName":"shared_cognitiveservicestextanalytics","operationId":"DetectSentimentV2","apiId":"/providers/Microsoft.PowerApps/apis/shared_cognitiveservicestextanalytics"},"parameters":{"input/text":"@triggerOutputs()?['body/description']"},"authentication":"@parameters('$authentication')"}},"Update_a_record":{"runAfter":{"Detect_Sentiment":["Succeeded"]},"type":"OpenApiConnection","inputs":{"host":{"connectionName":"shared_commondataservice","operationId":"PatchItem_V2","apiId":"/providers/Microsoft.PowerApps/apis/shared_commondataservice"},"parameters":{"dataset":"default.cds","table":"incidents","id":"@triggerOutputs()?['body/incidentid']","item/_customerid_type":"","item/ace_severity":"@outputs('Detect_Sentiment')?['body/score']","item/_ownerid_type":""},"authentication":"@parameters('$authentication')"}}},"outputs":{}}},"schemaVersion":"1.0.0.0"}