{"properties":{"connectionReferences":{"shared_sendmail":{"runtimeSource":"embedded","connection":{},"api":{"name":"shared_sendmail"}},"shared_commondataservice":{"runtimeSource":"embedded","connection":{},"api":{"name":"shared_commondataservice"}}},"definition":{"$schema":"https://schema.management.azure.com/providers/Microsoft.Logic/schemas/2016-06-01/workflowdefinition.json#","contentVersion":"1.0.0.0","parameters":{"$connections":{"defaultValue":{},"type":"Object"},"$authentication":{"defaultValue":{},"type":"SecureObject"}},"triggers":{"When_a_record_is_created":{"type":"OpenApiConnectionWebhook","inputs":{"host":{"connectionName":"shared_commondataservice","operationId":"SubscribeOnNewItems","apiId":"/providers/Microsoft.PowerApps/apis/shared_commondataservice"},"parameters":{"dataset":"default.cds","table":"incidents","scope":"Organization"},"authentication":"@parameters('$authentication')"}}},"actions":{"Condition":{"actions":{"Send_an_email_notification_(V3)":{"runAfter":{},"type":"OpenApiConnection","inputs":{"host":{"connectionName":"shared_sendmail","operationId":"SendEmailV3","apiId":"/providers/Microsoft.PowerApps/apis/shared_sendmail"},"parameters":{"request/to":"amnajalal@live.com","request/subject":"A","request/text":"<p>Assigned to Ministry of Railway</p>"},"authentication":"@parameters('$authentication')"}}},"runAfter":{"Condition_2":["Succeeded"]},"expression":{"greater":["@triggerOutputs()?['body/ace_weight']",1000]},"type":"If"},"Condition_2":{"actions":{"Send_an_email_notification_(V3)_2":{"runAfter":{},"type":"OpenApiConnection","inputs":{"host":{"connectionName":"shared_sendmail","operationId":"SendEmailV3","apiId":"/providers/Microsoft.PowerApps/apis/shared_sendmail"},"parameters":{"request/to":"amna.jalal@veripark.com","request/subject":"Assigned to Transportation company","request/text":"<p>Assigned to Transportation company</p>"},"authentication":"@parameters('$authentication')"}}},"runAfter":{},"expression":{"and":[{"greaterOrEquals":["@triggerOutputs()?['body/ace_weight']",200]},{"lessOrEquals":["@triggerOutputs()?['body/ace_weight']",300]}]},"type":"If"}},"outputs":{}}},"schemaVersion":"1.0.0.0"}