{"schemaVersion":"1.0","appDefinitionTemplate":{"id":"/providers/Microsoft.PowerApps/apps/","type":"Microsoft.PowerApps/apps","tags":{"primaryDeviceWidth":"640","primaryDeviceHeight":"1136","sienaVersion":"20200502T203238Z-3.20023.8.0","deviceCapabilities":"","supportsPortrait":"true","supportsLandscape":"false","primaryFormFactor":"Phone","publisherVersion":"3.20023.8","minimumRequiredApiVersion":"2.2.0","hasComponent":"false","hasUnlockedComponent":"false"},"properties":{"appVersion":"2020-05-02T20:32:38Z","lifeCycleId":"Published","createdByClientVersion":{"major":3,"minor":20023,"build":8,"revision":0,"majorRevision":0,"minorRevision":0},"minClientVersion":{"major":3,"minor":20023,"build":8,"revision":0,"majorRevision":0,"minorRevision":0},"backgroundColor":"rgba(0, 176, 240, 1)","backgroundImageUri":"/7501765346860647123/N3d115234-09fa-4d98-a9e2-dcfeb11da945-logoSmallFile","displayName":"Rapid Response","description":"","commitMessage":"","appUris":{"documentUri":{"value":"/7501765346860647123/Nc6e787e1-aa88-4c14-a631-758ec8a1aa90-document.msapp","readonlyValue":"/7501765346860647123/Nc6e787e1-aa88-4c14-a631-758ec8a1aa90-document.msapp"},"imageUris":[]},"createdTime":"0001-01-01T00:00:00Z","lastModifiedTime":"0001-01-01T00:00:00Z","sharedGroupsCount":0,"sharedUsersCount":0,"icons":{"smallIconUri":"/7501765346860647123/N3d8ab5be-653b-4e72-b782-5ac6be5db95b-small.png","mediumIconUri":"/7501765346860647123/N9a7c7e04-bfda-4fdb-9643-9ee2e586803f-medium.png","largeIconUri":"/7501765346860647123/N599df7e5-a43f-4aa3-80a6-8218dc87b6a1-large.png","wideIconUri":"/7501765346860647123/N716f8d6a-ae42-43dd-b44e-a49f41faee6b-wide.png"},"connectionReferences":{"706641b9-2a27-449d-b3a6-7d11f531c8eb":{"id":"4c8a2431-358a-4e25-a4c2-d9d80df696ba","displayName":"SharePoint","iconUri":"https://connectoricons-prod.azureedge.net/sharepointonline/icon_1.0.1329.1953.png","dataSources":["PatientData"],"dependencies":[],"dependents":[],"parameterHints":{},"isOnPremiseConnection":false,"bypassConsent":false,"dataSets":{"https://madhackers.sharepoint.com/sites/MADHackers/":{"dataSources":{"PatientData":{"tableName":"ec9c215c-03fd-4ac3-979d-584d7063c358"}}}},"apiTier":"Standard","isCustomApiConnection":false}},"databaseReferences":{},"almMode":"Environment","performanceOptimizationEnabled":false,"canConsumeAppPass":true},"isAppComponentLibrary":false,"appType":"ClassicCanvasApp","appComponents":[]}}