{"properties":{"connectionReferences":{"shared_commondataservice":{"runtimeSource":"invoker","connection":{},"api":{"name":"shared_commondataservice"}}},"definition":{"$schema":"https://schema.management.azure.com/providers/Microsoft.Logic/schemas/2016-06-01/workflowdefinition.json#","contentVersion":"1.0.0.0","parameters":{"$connections":{"defaultValue":{},"type":"Object"},"$authentication":{"defaultValue":{},"type":"SecureObject"}},"triggers":{"manual":{"type":"Request","kind":"Button","inputs":{"schema":{"type":"object","properties":{"text":{"title":"RecordId","type":"string","x-ms-dynamically-added":true,"description":"Please enter your input","x-ms-content-hint":"TEXT"}},"required":["text"]}}}},"actions":{"Update_a_record":{"runAfter":{},"type":"OpenApiConnection","inputs":{"host":{"connectionName":"shared_commondataservice","operationId":"PatchItem_V2","apiId":"/providers/Microsoft.PowerApps/apis/shared_commondataservice"},"parameters":{"dataset":"org513ba651.crm6","table":"contacts","id":"@triggerBody()['text']","item/statuscode":2,"item/_parentcustomerid_type":"","item/_ownerid_type":""},"authentication":{"type":"Raw","value":"@json(decodeBase64(triggerOutputs().headers['X-MS-APIM-Tokens']))['$ConnectionKey']"}}}},"outputs":{}}},"schemaVersion":"1.0.0.0"}