{"name":"f7205b69-0fd1-4963-9b71-c1291b3caa62","id":"/providers/Microsoft.Flow/flows/f7205b69-0fd1-4963-9b71-c1291b3caa62","type":"Microsoft.Flow/flows","properties":{"apiId":"/providers/Microsoft.PowerApps/apis/shared_logicflows","displayName":"UpdateUtilisation","definition":{"metadata":{"workflowEntityId":null,"creator":{"id":"3e5c87f7-1299-4719-93fb-15882a65f62b","type":"User","tenantId":"413504eb-8622-47d2-aa72-ddbba4584471"},"provisioningMethod":"FromDefinition","failureAlertSubscription":true,"clientLastModifiedTime":"2020-05-02T13:49:35.0039871Z"},"$schema":"https://schema.management.azure.com/providers/Microsoft.Logic/schemas/2016-06-01/workflowdefinition.json#","contentVersion":"1.0.0.0","parameters":{"$connections":{"defaultValue":{},"type":"Object"},"$authentication":{"defaultValue":{},"type":"SecureObject"}},"triggers":{"manual":{"type":"Request","kind":"PowerApp","inputs":{"schema":{"type":"object","properties":{"Executestoredprocedure_DeltaUtilisation":{"type":"integer","x-ms-powerflows-param-ispartial":false},"Executestoredprocedure_SpaceID":{"type":"integer","x-ms-powerflows-param-ispartial":false}},"required":["Executestoredprocedure_DeltaUtilisation","Executestoredprocedure_SpaceID"]}}}},"actions":{"Execute_stored_procedure":{"runAfter":{},"metadata":{"flowSystemMetadata":{"swaggerOperationId":"ExecuteProcedure"}},"type":"ApiConnection","inputs":{"host":{"connection":{"name":"@json(decodeBase64(triggerOutputs().headers['X-MS-APIM-Tokens']))['$connections']['shared_sqldw']['connectionId']"},"api":{"runtimeUrl":"https://australia-001.azure-apim.net/apim/sqldw"}},"method":"post","body":{"DeltaUtilisation":"@triggerBody()['Executestoredprocedure_DeltaUtilisation']","SpaceID":"@triggerBody()['Executestoredprocedure_SpaceID']"},"path":"/datasets/default/procedures/@{encodeURIComponent(encodeURIComponent('[operation].[UpdateUtilisation]'))}","authentication":{"type":"Raw","value":"@json(decodeBase64(triggerOutputs().headers['X-MS-APIM-Tokens']))['$ConnectionKey']"}}},"Respond_to_a_PowerApp_or_flow":{"runAfter":{"Execute_stored_procedure":["Succeeded"]},"type":"Response","kind":"PowerApp","inputs":{"statusCode":200,"body":{"retcode":"@body('Execute_stored_procedure')?['outputparameters']?['Outcome']"},"schema":{"type":"object","properties":{"retcode":{"title":"RetCode","x-ms-dynamically-added":true,"type":"string"}}}}}}},"connectionReferences":{"shared_sqldw":{"connectionName":"shared-sqldw-9dd17894-039c-49c8-a726-00e6d95034e6","source":"Invoker","id":"/providers/Microsoft.PowerApps/apis/shared_sqldw","tier":"NotSpecified"}},"flowFailureAlertSubscribed":false}}