<ImportExportXml version="9.1.0.16238" SolutionPackageVersion="9.1" languagecode="1033" generatedBy="CrmLive" xmlns:xsi="http://www.w3.org/2001/XMLSchema-instance">
  <SolutionManifest>
    <UniqueName>ACEDev</UniqueName>
    <LocalizedNames>
      <LocalizedName description="ACE Dev" languagecode="1033" />
    </LocalizedNames>
    <Descriptions>
      <Description description="Team ACE (Anti-Covid Explorers)" languagecode="1033" />
    </Descriptions>
    <Version>1.0.0.4</Version>
    <Managed>0</Managed>
    <Publisher>
      <UniqueName>acedev</UniqueName>
      <LocalizedNames>
        <LocalizedName description="ACE Dev" languagecode="1033" />
      </LocalizedNames>
      <Descriptions />
      <EMailAddress xsi:nil="true"></EMailAddress>
      <SupportingWebsiteUrl xsi:nil="true"></SupportingWebsiteUrl>
      <CustomizationPrefix>ace</CustomizationPrefix>
      <CustomizationOptionValuePrefix>80529</CustomizationOptionValuePrefix>
      <Addresses>
        <Address>
          <AddressNumber>1</AddressNumber>
          <AddressTypeCode>1</AddressTypeCode>
          <City xsi:nil="true"></City>
          <County xsi:nil="true"></County>
          <Country xsi:nil="true"></Country>
          <Fax xsi:nil="true"></Fax>
          <FreightTermsCode xsi:nil="true"></FreightTermsCode>
          <ImportSequenceNumber xsi:nil="true"></ImportSequenceNumber>
          <Latitude xsi:nil="true"></Latitude>
          <Line1 xsi:nil="true"></Line1>
          <Line2 xsi:nil="true"></Line2>
          <Line3 xsi:nil="true"></Line3>
          <Longitude xsi:nil="true"></Longitude>
          <Name xsi:nil="true"></Name>
          <PostalCode xsi:nil="true"></PostalCode>
          <PostOfficeBox xsi:nil="true"></PostOfficeBox>
          <PrimaryContactName xsi:nil="true"></PrimaryContactName>
          <ShippingMethodCode>1</ShippingMethodCode>
          <StateOrProvince xsi:nil="true"></StateOrProvince>
          <Telephone1 xsi:nil="true"></Telephone1>
          <Telephone2 xsi:nil="true"></Telephone2>
          <Telephone3 xsi:nil="true"></Telephone3>
          <TimeZoneRuleVersionNumber xsi:nil="true"></TimeZoneRuleVersionNumber>
          <UPSZone xsi:nil="true"></UPSZone>
          <UTCOffset xsi:nil="true"></UTCOffset>
          <UTCConversionTimeZoneCode xsi:nil="true"></UTCConversionTimeZoneCode>
        </Address>
        <Address>
          <AddressNumber>2</AddressNumber>
          <AddressTypeCode>1</AddressTypeCode>
          <City xsi:nil="true"></City>
          <County xsi:nil="true"></County>
          <Country xsi:nil="true"></Country>
          <Fax xsi:nil="true"></Fax>
          <FreightTermsCode xsi:nil="true"></FreightTermsCode>
          <ImportSequenceNumber xsi:nil="true"></ImportSequenceNumber>
          <Latitude xsi:nil="true"></Latitude>
          <Line1 xsi:nil="true"></Line1>
          <Line2 xsi:nil="true"></Line2>
          <Line3 xsi:nil="true"></Line3>
          <Longitude xsi:nil="true"></Longitude>
          <Name xsi:nil="true"></Name>
          <PostalCode xsi:nil="true"></PostalCode>
          <PostOfficeBox xsi:nil="true"></PostOfficeBox>
          <PrimaryContactName xsi:nil="true"></PrimaryContactName>
          <ShippingMethodCode>1</ShippingMethodCode>
          <StateOrProvince xsi:nil="true"></StateOrProvince>
          <Telephone1 xsi:nil="true"></Telephone1>
          <Telephone2 xsi:nil="true"></Telephone2>
          <Telephone3 xsi:nil="true"></Telephone3>
          <TimeZoneRuleVersionNumber xsi:nil="true"></TimeZoneRuleVersionNumber>
          <UPSZone xsi:nil="true"></UPSZone>
          <UTCOffset xsi:nil="true"></UTCOffset>
          <UTCConversionTimeZoneCode xsi:nil="true"></UTCConversionTimeZoneCode>
        </Address>
      </Addresses>
    </Publisher>
    <RootComponents>
      <RootComponent type="1" schemaName="ace_consumer" behavior="0" />
      <RootComponent type="1" schemaName="contact" behavior="1" />
      <RootComponent type="1" schemaName="incident" behavior="1" />
      <RootComponent type="9" schemaName="ace_area" behavior="0" />
      <RootComponent type="29" id="{1fc5e9be-aa8c-ea11-a811-000d3a2653f6}" behavior="0" />
      <RootComponent type="29" id="{59883f53-f644-4873-b0fa-bd1e60306bc3}" behavior="0" />
      <RootComponent type="29" id="{d0a99126-788c-ea11-a811-000d3a2653f6}" behavior="0" />
      <RootComponent type="60" id="{b8e9dda1-528c-ea11-a811-000d3a2653f6}" behavior="0" />
      <RootComponent type="62" schemaName="ace_Tomatoes" behavior="0" />
    </RootComponents>
    <MissingDependencies>
      <MissingDependency>
        <Required key="0" type="1" schemaName="incident" displayName="Case" solution="msdynce_Service (9.0.5.56)" />
        <Dependent key="0" type="1" schemaName="incident" displayName="Case" />
      </MissingDependency>
      <MissingDependency>
        <Required key="0" type="1" schemaName="incident" displayName="Case" solution="msdynce_Service (9.0.5.56)" />
        <Dependent key="1" type="2" schemaName="ace_address" displayName="Address" parentSchemaName="incident" parentDisplayName="Case" />
      </MissingDependency>
      <MissingDependency>
        <Required key="0" type="1" schemaName="incident" displayName="Case" solution="msdynce_Service (9.0.5.56)" />
        <Dependent key="2" type="2" schemaName="ace_shelflife" displayName="Shelf Life of Tomatoes" parentSchemaName="incident" parentDisplayName="Case" />
      </MissingDependency>
      <MissingDependency>
        <Required key="0" type="1" schemaName="incident" displayName="Case" solution="msdynce_Service (9.0.5.56)" />
        <Dependent key="3" type="60" displayName=" main form" parentDisplayName="Case" id="{b8e9dda1-528c-ea11-a811-000d3a2653f6}" />
      </MissingDependency>
      <MissingDependency>
        <Required key="0" type="1" schemaName="incident" displayName="Case" solution="msdynce_Service (9.0.5.56)" />
        <Dependent key="4" type="2" schemaName="ace_weight" displayName="Weight (in Tons)" parentSchemaName="incident" parentDisplayName="Case" />
      </MissingDependency>
      <MissingDependency>
        <Required key="0" type="1" schemaName="incident" displayName="Case" solution="msdynce_Service (9.0.5.56)" />
        <Dependent key="5" type="2" schemaName="ace_longitude" displayName="Longitude" parentSchemaName="incident" parentDisplayName="Case" />
      </MissingDependency>
      <MissingDependency>
        <Required key="0" type="1" schemaName="incident" displayName="Case" solution="msdynce_Service (9.0.5.56)" />
        <Dependent key="6" type="2" schemaName="ace_severity" displayName="Severity Score" parentSchemaName="incident" parentDisplayName="Case" />
      </MissingDependency>
      <MissingDependency>
        <Required key="0" type="1" schemaName="incident" displayName="Case" solution="msdynce_Service (9.0.5.56)" />
        <Dependent key="7" type="2" schemaName="ace_latitude" displayName="Latitude" parentSchemaName="incident" parentDisplayName="Case" />
      </MissingDependency>
      <MissingDependency>
        <Required key="0" type="1" schemaName="incident" displayName="Case" solution="msdynce_Service (9.0.5.56)" />
        <Dependent key="8" type="2" schemaName="ace_area" displayName="Area" parentSchemaName="incident" parentDisplayName="Case" />
      </MissingDependency>
      <MissingDependency>
        <Required key="0" type="1" schemaName="incident" displayName="Case" solution="msdynce_Service (9.0.5.56)" />
        <Dependent key="9" type="62" schemaName="ace_Tomatoes" />
      </MissingDependency>
      <MissingDependency>
        <Required key="0" type="1" schemaName="incident" displayName="Case" solution="msdynce_Service (9.0.5.56)" />
        <Dependent key="10" type="29" displayName="AssignCasesToMinistryofAgriculture" id="{59883f53-f644-4873-b0fa-bd1e60306bc3}" />
      </MissingDependency>
      <MissingDependency>
        <Required key="11" type="1" schemaName="knowledgearticleincident" displayName="Knowledge Article Incident" solution="msdynce_Service (9.0.5.56)" />
        <Dependent key="3" type="60" displayName=" main form" parentDisplayName="Case" id="{b8e9dda1-528c-ea11-a811-000d3a2653f6}" />
      </MissingDependency>
      <MissingDependency>
        <Required key="12" type="1" schemaName="contract" displayName="Contract" solution="msdynce_Service (9.0.5.56)" />
        <Dependent key="3" type="60" displayName=" main form" parentDisplayName="Case" id="{b8e9dda1-528c-ea11-a811-000d3a2653f6}" />
      </MissingDependency>
      <MissingDependency>
        <Required key="13" type="2" schemaName="contractid" displayName="Contract" parentSchemaName="incident" parentDisplayName="Case" solution="msdynce_Service (9.0.5.56)" />
        <Dependent key="3" type="60" displayName=" main form" parentDisplayName="Case" id="{b8e9dda1-528c-ea11-a811-000d3a2653f6}" />
      </MissingDependency>
      <MissingDependency>
        <Required key="14" type="2" schemaName="contractservicelevelcode" displayName="Service Level" parentSchemaName="incident" parentDisplayName="Case" solution="msdynce_Service (9.0.5.56)" />
        <Dependent key="3" type="60" displayName=" main form" parentDisplayName="Case" id="{b8e9dda1-528c-ea11-a811-000d3a2653f6}" />
      </MissingDependency>
      <MissingDependency>
        <Required key="15" type="2" schemaName="responseby" displayName="First Response By" parentSchemaName="incident" parentDisplayName="Case" solution="msdynce_Service (9.0.5.56)" />
        <Dependent key="3" type="60" displayName=" main form" parentDisplayName="Case" id="{b8e9dda1-528c-ea11-a811-000d3a2653f6}" />
      </MissingDependency>
      <MissingDependency>
        <Required key="16" type="2" schemaName="resolvebykpiid" displayName="Resolve By KPI" parentSchemaName="incident" parentDisplayName="Case" solution="msdynce_Service (9.0.5.56)" />
        <Dependent key="3" type="60" displayName=" main form" parentDisplayName="Case" id="{b8e9dda1-528c-ea11-a811-000d3a2653f6}" />
      </MissingDependency>
      <MissingDependency>
        <Required key="17" type="2" schemaName="createdon" displayName="Created On" parentSchemaName="incident" parentDisplayName="Case" solution="msdynce_Service (9.0.5.56)" />
        <Dependent key="3" type="60" displayName=" main form" parentDisplayName="Case" id="{b8e9dda1-528c-ea11-a811-000d3a2653f6}" />
      </MissingDependency>
      <MissingDependency>
        <Required key="18" type="2" schemaName="entitlementid" displayName="Entitlement" parentSchemaName="incident" parentDisplayName="Case" solution="msdynce_Service (9.0.5.56)" />
        <Dependent key="3" type="60" displayName=" main form" parentDisplayName="Case" id="{b8e9dda1-528c-ea11-a811-000d3a2653f6}" />
      </MissingDependency>
      <MissingDependency>
        <Required key="19" type="2" schemaName="statuscode" displayName="Status Reason" parentSchemaName="incident" parentDisplayName="Case" solution="msdynce_Service (9.0.5.56)" />
        <Dependent key="3" type="60" displayName=" main form" parentDisplayName="Case" id="{b8e9dda1-528c-ea11-a811-000d3a2653f6}" />
      </MissingDependency>
      <MissingDependency>
        <Required key="20" type="2" schemaName="socialprofileid" displayName="Social Profile" parentSchemaName="incident" parentDisplayName="Case" solution="msdynce_Service (9.0.5.56)" />
        <Dependent key="3" type="60" displayName=" main form" parentDisplayName="Case" id="{b8e9dda1-528c-ea11-a811-000d3a2653f6}" />
      </MissingDependency>
      <MissingDependency>
        <Required key="21" type="2" schemaName="primarycontactid" displayName="Contact" parentSchemaName="incident" parentDisplayName="Case" solution="msdynce_Service (9.0.5.56)" />
        <Dependent key="3" type="60" displayName=" main form" parentDisplayName="Case" id="{b8e9dda1-528c-ea11-a811-000d3a2653f6}" />
      </MissingDependency>
      <MissingDependency>
        <Required key="22" type="2" schemaName="customerid" displayName="Customer" parentSchemaName="incident" parentDisplayName="Case" solution="msdynce_Service (9.0.5.56)" />
        <Dependent key="3" type="60" displayName=" main form" parentDisplayName="Case" id="{b8e9dda1-528c-ea11-a811-000d3a2653f6}" />
      </MissingDependency>
      <MissingDependency>
        <Required key="23" type="2" schemaName="caseorigincode" displayName="Origin" parentSchemaName="incident" parentDisplayName="Case" solution="msdynce_Service (9.0.5.56)" />
        <Dependent key="3" type="60" displayName=" main form" parentDisplayName="Case" id="{b8e9dda1-528c-ea11-a811-000d3a2653f6}" />
      </MissingDependency>
      <MissingDependency>
        <Required key="24" type="2" schemaName="title" displayName="Case Title" parentSchemaName="incident" parentDisplayName="Case" solution="msdynce_Service (9.0.5.56)" />
        <Dependent key="3" type="60" displayName=" main form" parentDisplayName="Case" id="{b8e9dda1-528c-ea11-a811-000d3a2653f6}" />
      </MissingDependency>
      <MissingDependency>
        <Required key="25" type="2" schemaName="msdyn_incidenttype" displayName="Incident Type" parentSchemaName="incident" parentDisplayName="Case" solution="FieldService (8.8.0.88)" />
        <Dependent key="3" type="60" displayName=" main form" parentDisplayName="Case" id="{b8e9dda1-528c-ea11-a811-000d3a2653f6}" />
      </MissingDependency>
      <MissingDependency>
        <Required key="26" type="2" schemaName="messagetypecode" displayName="Received As" parentSchemaName="incident" parentDisplayName="Case" solution="msdynce_Service (9.0.5.56)" />
        <Dependent key="3" type="60" displayName=" main form" parentDisplayName="Case" id="{b8e9dda1-528c-ea11-a811-000d3a2653f6}" />
      </MissingDependency>
      <MissingDependency>
        <Required key="27" type="2" schemaName="msdyn_iotalert" displayName="IoT Alert" parentSchemaName="incident" parentDisplayName="Case" solution="ConnectedFieldService (1.7.7.107)" />
        <Dependent key="3" type="60" displayName=" main form" parentDisplayName="Case" id="{b8e9dda1-528c-ea11-a811-000d3a2653f6}" />
      </MissingDependency>
      <MissingDependency>
        <Required key="28" type="2" schemaName="resolveby" displayName="Resolve By" parentSchemaName="incident" parentDisplayName="Case" solution="msdynce_Service (9.0.5.56)" />
        <Dependent key="3" type="60" displayName=" main form" parentDisplayName="Case" id="{b8e9dda1-528c-ea11-a811-000d3a2653f6}" />
      </MissingDependency>
      <MissingDependency>
        <Required key="29" type="2" schemaName="sentimentvalue" displayName="Sentiment Value" parentSchemaName="incident" parentDisplayName="Case" solution="msdynce_Service (9.0.5.56)" />
        <Dependent key="3" type="60" displayName=" main form" parentDisplayName="Case" id="{b8e9dda1-528c-ea11-a811-000d3a2653f6}" />
      </MissingDependency>
      <MissingDependency>
        <Required key="30" type="2" schemaName="isescalated" displayName="Is Escalated" parentSchemaName="incident" parentDisplayName="Case" solution="msdynce_Service (9.0.5.56)" />
        <Dependent key="3" type="60" displayName=" main form" parentDisplayName="Case" id="{b8e9dda1-528c-ea11-a811-000d3a2653f6}" />
      </MissingDependency>
      <MissingDependency>
        <Required key="31" type="2" schemaName="blockedprofile" displayName="Blocked Profile" parentSchemaName="incident" parentDisplayName="Case" solution="msdynce_Service (9.0.5.56)" />
        <Dependent key="3" type="60" displayName=" main form" parentDisplayName="Case" id="{b8e9dda1-528c-ea11-a811-000d3a2653f6}" />
      </MissingDependency>
      <MissingDependency>
        <Required key="32" type="2" schemaName="kbarticleid" displayName="Knowledge Base Article" parentSchemaName="incident" parentDisplayName="Case" solution="msdynce_Service (9.0.5.56)" />
        <Dependent key="3" type="60" displayName=" main form" parentDisplayName="Case" id="{b8e9dda1-528c-ea11-a811-000d3a2653f6}" />
      </MissingDependency>
      <MissingDependency>
        <Required key="33" type="2" schemaName="incidentid" displayName="Case" parentSchemaName="incident" parentDisplayName="Case" solution="msdynce_Service (9.0.5.56)" />
        <Dependent key="10" type="29" displayName="AssignCasesToMinistryofAgriculture" id="{59883f53-f644-4873-b0fa-bd1e60306bc3}" />
      </MissingDependency>
      <MissingDependency>
        <Required key="24" type="2" schemaName="title" displayName="Case Title" parentSchemaName="incident" parentDisplayName="Case" solution="msdynce_Service (9.0.5.56)" />
        <Dependent key="10" type="29" displayName="AssignCasesToMinistryofAgriculture" id="{59883f53-f644-4873-b0fa-bd1e60306bc3}" />
      </MissingDependency>
      <MissingDependency>
        <Required key="22" type="2" schemaName="customerid" displayName="Customer" parentSchemaName="incident" parentDisplayName="Case" solution="msdynce_Service (9.0.5.56)" />
        <Dependent key="10" type="29" displayName="AssignCasesToMinistryofAgriculture" id="{59883f53-f644-4873-b0fa-bd1e60306bc3}" />
      </MissingDependency>
      <MissingDependency>
        <Required key="34" type="2" schemaName="ticketnumber" displayName="Case Number" parentSchemaName="incident" parentDisplayName="Case" solution="msdynce_Service (9.0.5.56)" />
        <Dependent key="3" type="60" displayName=" main form" parentDisplayName="Case" id="{b8e9dda1-528c-ea11-a811-000d3a2653f6}" />
      </MissingDependency>
      <MissingDependency>
        <Required key="35" type="2" schemaName="description" displayName="Description" parentSchemaName="incident" parentDisplayName="Case" solution="msdynce_Service (9.0.5.56)" />
        <Dependent key="3" type="60" displayName=" main form" parentDisplayName="Case" id="{b8e9dda1-528c-ea11-a811-000d3a2653f6}" />
      </MissingDependency>
      <MissingDependency>
        <Required key="36" type="2" schemaName="productid" displayName="Product" parentSchemaName="incident" parentDisplayName="Case" solution="msdynce_Service (9.0.5.56)" />
        <Dependent key="3" type="60" displayName=" main form" parentDisplayName="Case" id="{b8e9dda1-528c-ea11-a811-000d3a2653f6}" />
      </MissingDependency>
      <MissingDependency>
        <Required key="37" type="2" schemaName="prioritycode" displayName="Priority" parentSchemaName="incident" parentDisplayName="Case" solution="msdynce_Service (9.0.5.56)" />
        <Dependent key="3" type="60" displayName=" main form" parentDisplayName="Case" id="{b8e9dda1-528c-ea11-a811-000d3a2653f6}" />
      </MissingDependency>
      <MissingDependency>
        <Required key="38" type="2" schemaName="firstresponsebykpiid" displayName="First Response By KPI" parentSchemaName="incident" parentDisplayName="Case" solution="msdynce_Service (9.0.5.56)" />
        <Dependent key="3" type="60" displayName=" main form" parentDisplayName="Case" id="{b8e9dda1-528c-ea11-a811-000d3a2653f6}" />
      </MissingDependency>
      <MissingDependency>
        <Required key="39" type="2" schemaName="parentcaseid" displayName="Parent Case" parentSchemaName="incident" parentDisplayName="Case" solution="msdynce_Service (9.0.5.56)" />
        <Dependent key="3" type="60" displayName=" main form" parentDisplayName="Case" id="{b8e9dda1-528c-ea11-a811-000d3a2653f6}" />
      </MissingDependency>
      <MissingDependency>
        <Required key="40" type="2" schemaName="ownerid" displayName="Owner" parentSchemaName="incident" parentDisplayName="Case" solution="msdynce_Service (9.0.5.56)" />
        <Dependent key="3" type="60" displayName=" main form" parentDisplayName="Case" id="{b8e9dda1-528c-ea11-a811-000d3a2653f6}" />
      </MissingDependency>
      <MissingDependency>
        <Required key="41" type="2" schemaName="followupby" displayName="Follow Up By" parentSchemaName="incident" parentDisplayName="Case" solution="msdynce_Service (9.0.5.56)" />
        <Dependent key="3" type="60" displayName=" main form" parentDisplayName="Case" id="{b8e9dda1-528c-ea11-a811-000d3a2653f6}" />
      </MissingDependency>
      <MissingDependency>
        <Required key="42" type="2" schemaName="subjectid" displayName="Subject" parentSchemaName="incident" parentDisplayName="Case" solution="msdynce_Service (9.0.5.56)" />
        <Dependent key="3" type="60" displayName=" main form" parentDisplayName="Case" id="{b8e9dda1-528c-ea11-a811-000d3a2653f6}" />
      </MissingDependency>
      <MissingDependency>
        <Required key="43" type="2" schemaName="firstresponsesent" displayName="First Response Sent" parentSchemaName="incident" parentDisplayName="Case" solution="msdynce_Service (9.0.5.56)" />
        <Dependent key="3" type="60" displayName=" main form" parentDisplayName="Case" id="{b8e9dda1-528c-ea11-a811-000d3a2653f6}" />
      </MissingDependency>
      <MissingDependency>
        <Required key="44" type="2" schemaName="contractdetailid" displayName="Contract Line" parentSchemaName="incident" parentDisplayName="Case" solution="msdynce_Service (9.0.5.56)" />
        <Dependent key="3" type="60" displayName=" main form" parentDisplayName="Case" id="{b8e9dda1-528c-ea11-a811-000d3a2653f6}" />
      </MissingDependency>
      <MissingDependency>
        <Required key="45" type="2" schemaName="influencescore" displayName="Influence Score" parentSchemaName="incident" parentDisplayName="Case" solution="msdynce_Service (9.0.5.56)" />
        <Dependent key="3" type="60" displayName=" main form" parentDisplayName="Case" id="{b8e9dda1-528c-ea11-a811-000d3a2653f6}" />
      </MissingDependency>
      <MissingDependency>
        <Required key="46" type="2" schemaName="productserialnumber" displayName="Serial Number" parentSchemaName="incident" parentDisplayName="Case" solution="msdynce_Service (9.0.5.56)" />
        <Dependent key="3" type="60" displayName=" main form" parentDisplayName="Case" id="{b8e9dda1-528c-ea11-a811-000d3a2653f6}" />
      </MissingDependency>
      <MissingDependency>
        <Required key="47" type="2" schemaName="casetypecode" displayName="Case Type" parentSchemaName="incident" parentDisplayName="Case" solution="msdynce_Service (9.0.5.56)" />
        <Dependent key="3" type="60" displayName=" main form" parentDisplayName="Case" id="{b8e9dda1-528c-ea11-a811-000d3a2653f6}" />
      </MissingDependency>
      <MissingDependency>
        <Required key="48" type="2" schemaName="escalatedon" displayName="Escalated On" parentSchemaName="incident" parentDisplayName="Case" solution="msdynce_Service (9.0.5.56)" />
        <Dependent key="3" type="60" displayName=" main form" parentDisplayName="Case" id="{b8e9dda1-528c-ea11-a811-000d3a2653f6}" />
      </MissingDependency>
      <MissingDependency>
        <Required key="49" type="10" schemaName="msdyn_msdyn_incidenttype_incident_IncidentType" displayName="msdyn_msdyn_incidenttype_incident_IncidentType" parentSchemaName="msdyn_incidenttype" parentDisplayName="Incident Type" solution="FieldService (8.8.0.88)" />
        <Dependent key="3" type="60" displayName=" main form" parentDisplayName="Case" id="{b8e9dda1-528c-ea11-a811-000d3a2653f6}" />
      </MissingDependency>
      <MissingDependency>
        <Required key="50" type="10" schemaName="msdyn_incident_msdyn_workorder_ServiceRequest" displayName="msdyn_incident_msdyn_workorder_ServiceRequest" parentSchemaName="incident" parentDisplayName="Case" solution="FieldService (8.8.0.88)" />
        <Dependent key="3" type="60" displayName=" main form" parentDisplayName="Case" id="{b8e9dda1-528c-ea11-a811-000d3a2653f6}" />
      </MissingDependency>
      <MissingDependency>
        <Required key="51" type="10" schemaName="msdyn_msdyn_iotalert_incident_IoTAlert" displayName="msdyn_msdyn_iotalert_incident_IoTAlert" parentSchemaName="msdyn_iotalert" parentDisplayName="IoT Alert" solution="ConnectedFieldService (1.7.7.107)" />
        <Dependent key="3" type="60" displayName=" main form" parentDisplayName="Case" id="{b8e9dda1-528c-ea11-a811-000d3a2653f6}" />
      </MissingDependency>
      <MissingDependency>
        <Required key="52" type="26" schemaName="Associated Cases" displayName="Associated Cases" parentSchemaName="incident" parentDisplayName="Case" solution="msdynce_Service (9.0.5.56)" id="{72210bbb-d9d5-42df-8efd-39395a3cd7a7}" />
        <Dependent key="3" type="60" displayName=" main form" parentDisplayName="Case" id="{b8e9dda1-528c-ea11-a811-000d3a2653f6}" />
      </MissingDependency>
      <MissingDependency>
        <Required key="53" type="26" schemaName="Contract Line With Allotments" displayName="Contract Line With Allotments" parentSchemaName="contractdetail" parentDisplayName="Contract Line" solution="msdynce_Service (9.0.5.56)" id="{8fa2705c-7e4c-4c0e-b611-4593b35a4c9e}" />
        <Dependent key="3" type="60" displayName=" main form" parentDisplayName="Case" id="{b8e9dda1-528c-ea11-a811-000d3a2653f6}" />
      </MissingDependency>
      <MissingDependency>
        <Required key="54" type="26" schemaName="Active Products Lookup View" displayName="Active Products Lookup View" parentSchemaName="product" parentDisplayName="Product" solution="msdynce_ProductManagement (9.0.4.0066)" id="{58afc3c5-8add-4552-98cb-473bc8f75619}" />
        <Dependent key="3" type="60" displayName=" main form" parentDisplayName="Case" id="{b8e9dda1-528c-ea11-a811-000d3a2653f6}" />
      </MissingDependency>
      <MissingDependency>
        <Required key="55" type="26" schemaName="Associated Knowledge Records View" displayName="Associated Knowledge Records View" parentSchemaName="knowledgearticleincident" parentDisplayName="Knowledge Article Incident" solution="msdynce_Service (9.0.5.56)" id="{4ce7d553-9bba-4d8f-b209-899af9d3937c}" />
        <Dependent key="3" type="60" displayName=" main form" parentDisplayName="Case" id="{b8e9dda1-528c-ea11-a811-000d3a2653f6}" />
      </MissingDependency>
      <MissingDependency>
        <Required key="56" type="26" schemaName="Active Contracts" displayName="Active Contracts" parentSchemaName="contract" parentDisplayName="Contract" solution="msdynce_Service (9.0.5.56)" id="{646de3ee-ebfb-4d19-8a44-4a619505e188}" />
        <Dependent key="3" type="60" displayName=" main form" parentDisplayName="Case" id="{b8e9dda1-528c-ea11-a811-000d3a2653f6}" />
      </MissingDependency>
      <MissingDependency>
        <Required key="57" type="26" schemaName="Valid Entitlements for Cases" displayName="Valid Entitlements for Cases" parentSchemaName="entitlement" parentDisplayName="Entitlement" solution="msdynce_Service (9.0.5.56)" id="{e7ea283b-0490-4956-939b-3325e0798fb8}" />
        <Dependent key="3" type="60" displayName=" main form" parentDisplayName="Case" id="{b8e9dda1-528c-ea11-a811-000d3a2653f6}" />
      </MissingDependency>
      <MissingDependency>
        <Required key="58" type="60" displayName="First Response SLA" parentDisplayName="SLA KPI Instance" solution="msdynce_ServiceLevelAgreement (9.0.19122.1004)" id="{ede9dac3-e143-4be4-acc8-237309e31210}" />
        <Dependent key="3" type="60" displayName=" main form" parentDisplayName="Case" id="{b8e9dda1-528c-ea11-a811-000d3a2653f6}" />
      </MissingDependency>
      <MissingDependency>
        <Required key="59" type="60" displayName="account card" parentDisplayName="Account" solution="msdynce_AppCommon (9.0.4.0066)" id="{b028db32-3619-48a5-ac51-cf3f947b0ef3}" />
        <Dependent key="3" type="60" displayName=" main form" parentDisplayName="Case" id="{b8e9dda1-528c-ea11-a811-000d3a2653f6}" />
      </MissingDependency>
      <MissingDependency>
        <Required key="60" type="60" displayName="Resolve By SLA" parentDisplayName="SLA KPI Instance" solution="msdynce_ServiceLevelAgreement (9.0.19122.1004)" id="{19b14c51-3d43-4d56-ab34-49c540bf468c}" />
        <Dependent key="3" type="60" displayName=" main form" parentDisplayName="Case" id="{b8e9dda1-528c-ea11-a811-000d3a2653f6}" />
      </MissingDependency>
      <MissingDependency>
        <Required key="61" type="60" displayName="contact card" parentDisplayName="Farmer" solution="msdynce_AppCommon (9.0.4.0066)" id="{707fc57b-c5e6-471b-a180-e37ed28a38e2}" />
        <Dependent key="3" type="60" displayName=" main form" parentDisplayName="Case" id="{b8e9dda1-528c-ea11-a811-000d3a2653f6}" />
      </MissingDependency>
      <MissingDependency>
        <Required key="62" type="66" schemaName="MscrmControls.DeviceInsights.DeviceInsightsControl" displayName="MscrmControls.DeviceInsights.DeviceInsightsControl" solution="msdyn_IoT_Patch_1 (1.7.17.6)" />
        <Dependent key="3" type="60" displayName=" main form" parentDisplayName="Case" id="{b8e9dda1-528c-ea11-a811-000d3a2653f6}" />
      </MissingDependency>
      <MissingDependency>
        <Required key="63" type="61" schemaName="msdyn_/CFS/Case/CaseForm.js" displayName="msdyn_/CFS/Case/CaseForm.js" solution="ConnectedFieldService (1.7.7.107)" />
        <Dependent key="3" type="60" displayName=" main form" parentDisplayName="Case" id="{b8e9dda1-528c-ea11-a811-000d3a2653f6}" />
      </MissingDependency>
      <MissingDependency>
        <Required key="64" type="61" schemaName="msdyn_/CFS/Utils/RibbonUtils.js" displayName="msdyn_/CFS/Utils/RibbonUtils.js" solution="ConnectedFieldService (1.7.7.107)" />
        <Dependent key="3" type="60" displayName=" main form" parentDisplayName="Case" id="{b8e9dda1-528c-ea11-a811-000d3a2653f6}" />
      </MissingDependency>
      <MissingDependency>
        <Required key="65" type="61" schemaName="msdyn_/Case/Case.Library.js" displayName="msdyn_/Case/Case.Library.js" solution="FieldService (8.8.0.88)" />
        <Dependent key="3" type="60" displayName=" main form" parentDisplayName="Case" id="{b8e9dda1-528c-ea11-a811-000d3a2653f6}" />
      </MissingDependency>
    </MissingDependencies>
  </SolutionManifest>
</ImportExportXml>