{"schemaVersion":"1.0","appDefinitionTemplate":{"id":"/providers/Microsoft.PowerApps/apps/","type":"Microsoft.PowerApps/apps","tags":{"primaryDeviceWidth":"640","primaryDeviceHeight":"1136","sienaVersion":"20200503T172534Z-3.20023.8.0","deviceCapabilities":"webcam","supportsPortrait":"true","supportsLandscape":"false","primaryFormFactor":"Phone","publisherVersion":"3.20023.8","minimumRequiredApiVersion":"2.2.0","hasComponent":"false","hasUnlockedComponent":"false"},"properties":{"appVersion":"2020-05-03T17:25:34Z","lifeCycleId":"Published","createdByClientVersion":{"major":3,"minor":20023,"build":8,"revision":0,"majorRevision":0,"minorRevision":0},"minClientVersion":{"major":3,"minor":20023,"build":8,"revision":0,"majorRevision":0,"minorRevision":0},"backgroundColor":"rgba(0, 176, 240, 1)","backgroundImageUri":"/15496185514980103135/N836b8b05-f7ef-4552-97e0-68ef3965d08f-logoSmallFile","displayName":"Health Snap","description":"Health snap - recommendation for different allergies","commitMessage":"","appUris":{"documentUri":{"value":"/15496185514980103135/N421cdbc6-1f32-467f-a465-864d27f43ec0-document.msapp","readonlyValue":"/15496185514980103135/N421cdbc6-1f32-467f-a465-864d27f43ec0-document.msapp"},"imageUris":[]},"createdTime":"0001-01-01T00:00:00Z","lastModifiedTime":"0001-01-01T00:00:00Z","sharedGroupsCount":0,"sharedUsersCount":0,"icons":{"smallIconUri":"/15496185514980103135/N3d792378-4886-4df0-b3a3-9de775166c72-small.png","mediumIconUri":"/15496185514980103135/N0668f8cc-1aa5-4299-a0af-fad9c4efa512-medium.png","largeIconUri":"/15496185514980103135/N210be557-eeaf-49a0-b622-17f4a8b57d54-large.png","wideIconUri":"/15496185514980103135/Na14552c7-89ac-4b66-84c5-56142a3c9f23-wide.png"},"connectionReferences":{},"databaseReferences":{"default.cds":{"databaseDetails":{"referenceType":"Environmental","environmentName":"default.cds"},"dataSources":{"Shopping Items":{"entitySetName":"cr2e3_shoppingitems","logicalName":"cr2e3_shoppingitem"},"Contact Dietary Preferences":{"entitySetName":"new_contactdietarypreferenceses","logicalName":"new_contactdietarypreferences"}}}},"almMode":"Solution","performanceOptimizationEnabled":false,"canConsumeAppPass":true},"isAppComponentLibrary":false,"appType":"ClassicCanvasApp","appComponents":[]}}