{"name":"70d94abb-dde8-45a3-8332-fe4d496e7485","id":"/providers/Microsoft.Flow/flows/70d94abb-dde8-45a3-8332-fe4d496e7485","type":"Microsoft.Flow/flows","properties":{"apiId":"/providers/Microsoft.PowerApps/apis/shared_logicflows","displayName":"Home Quarantine Noti","definition":{"metadata":{"workflowEntityId":null,"creator":{"id":"15637636-c0c0-466d-8bf4-8107796290fc","type":"User","tenantId":"0cca5230-a7ff-4449-82b8-d62ec44c1ba3"},"provisioningMethod":"FromDefinition","failureAlertSubscription":true,"clientLastModifiedTime":"2020-05-02T19:56:09.8599831Z"},"$schema":"https://schema.management.azure.com/providers/Microsoft.Logic/schemas/2016-06-01/workflowdefinition.json#","contentVersion":"1.0.0.0","parameters":{"$connections":{"defaultValue":{},"type":"Object"},"$authentication":{"defaultValue":{},"type":"SecureObject"}},"triggers":{"Recurrence":{"recurrence":{"frequency":"Day","interval":3,"startTime":"2020-05-01T23:30:00.000Z"},"type":"Recurrence"}},"actions":{"Get_items":{"runAfter":{},"metadata":{"flowSystemMetadata":{"swaggerOperationId":"GetItems"}},"type":"ApiConnection","inputs":{"host":{"connection":{"name":"@parameters('$connections')['shared_sharepointonline']['connectionId']"},"api":{"runtimeUrl":"https://india-001.azure-apim.net/apim/sharepointonline"}},"method":"get","path":"/datasets/@{encodeURIComponent(encodeURIComponent('https://madhackers.sharepoint.com/sites/MADHackers'))}/tables/@{encodeURIComponent(encodeURIComponent('ec9c215c-03fd-4ac3-979d-584d7063c358'))}/items","authentication":"@parameters('$authentication')"}},"Apply_to_each":{"foreach":"@body('Get_items')?['value']","actions":{"Condition":{"actions":{"Condition_2":{"actions":{"Send_an_email_notification_(V3)":{"runAfter":{},"metadata":{"flowSystemMetadata":{"swaggerOperationId":"SendEmailV3"}},"type":"ApiConnection","inputs":{"host":{"connection":{"name":"@parameters('$connections')['shared_sendmail']['connectionId']"},"api":{"runtimeUrl":"https://india-001.azure-apim.net/apim/sendmail"}},"method":"post","body":{"to":"@{items('Apply_to_each')?['Email']};","subject":"Notification","text":"<p>Your recovery is our highest priority!<br>\nPlease update your data in the application.</p>","ishtml":true},"path":"/v3/mail/send","authentication":"@parameters('$authentication')"}}},"runAfter":{},"else":{"actions":{"Condition_3":{"actions":{"Send_an_email_notification_(V3)_2":{"runAfter":{},"metadata":{"flowSystemMetadata":{"swaggerOperationId":"SendEmailV3"}},"type":"ApiConnection","inputs":{"host":{"connection":{"name":"@parameters('$connections')['shared_sendmail']['connectionId']"},"api":{"runtimeUrl":"https://india-001.azure-apim.net/apim/sendmail"}},"method":"post","body":{"to":"@{items('Apply_to_each')?['Email']};","subject":"Notification","text":"<p>We recomend you to get tested as soon as possible.<br>\nPlease update data in the application also so that we can keep a check on your condition.</p>","ishtml":true},"path":"/v3/mail/send","authentication":"@parameters('$authentication')"}}},"runAfter":{},"expression":{"contains":["@items('Apply_to_each')?['Zone']?['Value']","Susceptible"]},"type":"If"}}},"expression":{"contains":["@items('Apply_to_each')?['Zone']?['Value']","Home"]},"type":"If"}},"runAfter":{},"expression":{"less":["@items('Apply_to_each')?['Modified']","@addMinutes(utcNow(),-3)"]},"type":"If"}},"runAfter":{"Get_items":["Succeeded"]},"type":"Foreach"}}},"connectionReferences":{"shared_sharepointonline":{"connectionName":"shared-sharepointonl-70272a44-fddf-4822-820c-0e37635cc57c","source":"Embedded","id":"/providers/Microsoft.PowerApps/apis/shared_sharepointonline","tier":"NotSpecified"},"shared_sendmail":{"connectionName":"shared-sendmail-9c0f8f5b-9368-4c21-8138-f29fb4741b17","source":"Embedded","id":"/providers/Microsoft.PowerApps/apis/shared_sendmail","tier":"NotSpecified"}},"flowFailureAlertSubscribed":false}}