<ImportExportXml version="9.1.0.16248" SolutionPackageVersion="9.1" languagecode="1033" generatedBy="CrmLive" xmlns:xsi="http://www.w3.org/2001/XMLSchema-instance">
  <SolutionManifest>
    <UniqueName>Food4Good</UniqueName>
    <LocalizedNames>
      <LocalizedName description="Food4Good" languagecode="1033" />
    </LocalizedNames>
    <Descriptions />
    <Version>1.0.0.4</Version>
    <Managed>1</Managed>
    <Publisher>
      <UniqueName>power4good</UniqueName>
      <LocalizedNames>
        <LocalizedName description="Power4Good" languagecode="1033" />
      </LocalizedNames>
      <Descriptions />
      <EMailAddress xsi:nil="true"></EMailAddress>
      <SupportingWebsiteUrl xsi:nil="true"></SupportingWebsiteUrl>
      <CustomizationPrefix>p4g</CustomizationPrefix>
      <CustomizationOptionValuePrefix>48649</CustomizationOptionValuePrefix>
      <Addresses>
        <Address>
          <AddressNumber>1</AddressNumber>
          <AddressTypeCode>1</AddressTypeCode>
          <City xsi:nil="true"></City>
          <County xsi:nil="true"></County>
          <Country xsi:nil="true"></Country>
          <Fax xsi:nil="true"></Fax>
          <FreightTermsCode xsi:nil="true"></FreightTermsCode>
          <ImportSequenceNumber xsi:nil="true"></ImportSequenceNumber>
          <Latitude xsi:nil="true"></Latitude>
          <Line1 xsi:nil="true"></Line1>
          <Line2 xsi:nil="true"></Line2>
          <Line3 xsi:nil="true"></Line3>
          <Longitude xsi:nil="true"></Longitude>
          <Name xsi:nil="true"></Name>
          <PostalCode xsi:nil="true"></PostalCode>
          <PostOfficeBox xsi:nil="true"></PostOfficeBox>
          <PrimaryContactName xsi:nil="true"></PrimaryContactName>
          <ShippingMethodCode>1</ShippingMethodCode>
          <StateOrProvince xsi:nil="true"></StateOrProvince>
          <Telephone1 xsi:nil="true"></Telephone1>
          <Telephone2 xsi:nil="true"></Telephone2>
          <Telephone3 xsi:nil="true"></Telephone3>
          <TimeZoneRuleVersionNumber xsi:nil="true"></TimeZoneRuleVersionNumber>
          <UPSZone xsi:nil="true"></UPSZone>
          <UTCOffset xsi:nil="true"></UTCOffset>
          <UTCConversionTimeZoneCode xsi:nil="true"></UTCConversionTimeZoneCode>
        </Address>
        <Address>
          <AddressNumber>2</AddressNumber>
          <AddressTypeCode>1</AddressTypeCode>
          <City xsi:nil="true"></City>
          <County xsi:nil="true"></County>
          <Country xsi:nil="true"></Country>
          <Fax xsi:nil="true"></Fax>
          <FreightTermsCode xsi:nil="true"></FreightTermsCode>
          <ImportSequenceNumber xsi:nil="true"></ImportSequenceNumber>
          <Latitude xsi:nil="true"></Latitude>
          <Line1 xsi:nil="true"></Line1>
          <Line2 xsi:nil="true"></Line2>
          <Line3 xsi:nil="true"></Line3>
          <Longitude xsi:nil="true"></Longitude>
          <Name xsi:nil="true"></Name>
          <PostalCode xsi:nil="true"></PostalCode>
          <PostOfficeBox xsi:nil="true"></PostOfficeBox>
          <PrimaryContactName xsi:nil="true"></PrimaryContactName>
          <ShippingMethodCode>1</ShippingMethodCode>
          <StateOrProvince xsi:nil="true"></StateOrProvince>
          <Telephone1 xsi:nil="true"></Telephone1>
          <Telephone2 xsi:nil="true"></Telephone2>
          <Telephone3 xsi:nil="true"></Telephone3>
          <TimeZoneRuleVersionNumber xsi:nil="true"></TimeZoneRuleVersionNumber>
          <UPSZone xsi:nil="true"></UPSZone>
          <UTCOffset xsi:nil="true"></UTCOffset>
          <UTCConversionTimeZoneCode xsi:nil="true"></UTCConversionTimeZoneCode>
        </Address>
      </Addresses>
    </Publisher>
    <RootComponents>
      <RootComponent type="1" schemaName="connector" behavior="0" />
      <RootComponent type="1" schemaName="contact" behavior="1" />
      <RootComponent type="1" schemaName="p4g_checkin" behavior="0" />
      <RootComponent type="1" schemaName="p4g_deliveryline" behavior="0" />
      <RootComponent type="1" schemaName="p4g_deliverytable" behavior="0" />
      <RootComponent type="1" schemaName="p4g_inventoryonhand" behavior="0" />
      <RootComponent type="1" schemaName="p4g_inventorytransaction" behavior="0" />
      <RootComponent type="1" schemaName="p4g_item" behavior="0" />
      <RootComponent type="1" schemaName="p4g_transferline" behavior="0" />
      <RootComponent type="1" schemaName="p4g_transfertable" behavior="0" />
      <RootComponent type="9" schemaName="p4g_checkin" behavior="0" />
      <RootComponent type="9" schemaName="p4g_checkintype" behavior="0" />
      <RootComponent type="9" schemaName="p4g_contacttype" behavior="0" />
      <RootComponent type="9" schemaName="p4g_deliverystatus" behavior="0" />
      <RootComponent type="9" schemaName="p4g_inventorytransactiontype" behavior="0" />
      <RootComponent type="9" schemaName="p4g_itemtype" behavior="0" />
      <RootComponent type="9" schemaName="p4g_itemunit" behavior="0" />
      <RootComponent type="9" schemaName="p4g_transferstatus" behavior="0" />
      <RootComponent type="9" schemaName="p4g_type" behavior="0" />
      <RootComponent type="29" id="{9aae8aec-ef8c-ea11-a811-000d3a53070f}" behavior="0" />
      <RootComponent type="60" id="{1b5243b9-53d9-4189-83bf-f759128475ee}" behavior="0" />
      <RootComponent type="60" id="{9b0a7058-5233-4998-a603-08e67700d38d}" behavior="0" />
      <RootComponent type="60" id="{db125354-135a-4d27-b101-696f339aae35}" behavior="0" />
      <RootComponent type="62" schemaName="p4g_ManagementApp" behavior="0" />
      <RootComponent type="300" schemaName="p4g_food4good_48185" behavior="0" />
      <RootComponent type="300" schemaName="p4g_inventory_48a40" behavior="0" />
      <RootComponent type="401" id="{9905d48b-7962-4283-9afe-ee9a5ac10c08}" behavior="0" />
    </RootComponents>
    <MissingDependencies>
      <MissingDependency>
        <Required key="0" type="1" schemaName="connector" displayName="Connector" solution="msdyn_PowerConnectors (9.2.0.0)" />
        <Dependent key="0" type="1" schemaName="connector" displayName="Connector" />
      </MissingDependency>
      <MissingDependency>
        <Required key="0" type="1" schemaName="connector" displayName="Connector" solution="msdyn_PowerConnectors (9.2.0.0)" />
        <Dependent key="1" type="2" schemaName="createdonbehalfby" displayName="Created By (Delegate)" parentSchemaName="connector" parentDisplayName="Connector" />
      </MissingDependency>
      <MissingDependency>
        <Required key="0" type="1" schemaName="connector" displayName="Connector" solution="msdyn_PowerConnectors (9.2.0.0)" />
        <Dependent key="2" type="2" schemaName="owneridyominame" parentSchemaName="connector" parentDisplayName="Connector" />
      </MissingDependency>
      <MissingDependency>
        <Required key="0" type="1" schemaName="connector" displayName="Connector" solution="msdyn_PowerConnectors (9.2.0.0)" />
        <Dependent key="3" type="50" schemaName="connector:RibbonDiffXml" parentSchemaName="ribboncustomization" parentDisplayName="Application Ribbons" />
      </MissingDependency>
      <MissingDependency>
        <Required key="0" type="1" schemaName="connector" displayName="Connector" solution="msdyn_PowerConnectors (9.2.0.0)" />
        <Dependent key="4" type="2" schemaName="ownerid" displayName="Owner" parentSchemaName="connector" parentDisplayName="Connector" />
      </MissingDependency>
      <MissingDependency>
        <Required key="0" type="1" schemaName="connector" displayName="Connector" solution="msdyn_PowerConnectors (9.2.0.0)" />
        <Dependent key="5" type="2" schemaName="versionnumber" displayName="Version Number" parentSchemaName="connector" parentDisplayName="Connector" />
      </MissingDependency>
      <MissingDependency>
        <Required key="0" type="1" schemaName="connector" displayName="Connector" solution="msdyn_PowerConnectors (9.2.0.0)" />
        <Dependent key="6" type="2" schemaName="createdonbehalfbyname" parentSchemaName="connector" parentDisplayName="Connector" />
      </MissingDependency>
      <MissingDependency>
        <Required key="0" type="1" schemaName="connector" displayName="Connector" solution="msdyn_PowerConnectors (9.2.0.0)" />
        <Dependent key="7" type="2" schemaName="owninguser" displayName="Owning User" parentSchemaName="connector" parentDisplayName="Connector" />
      </MissingDependency>
      <MissingDependency>
        <Required key="0" type="1" schemaName="connector" displayName="Connector" solution="msdyn_PowerConnectors (9.2.0.0)" />
        <Dependent key="8" type="2" schemaName="modifiedonbehalfbyyominame" parentSchemaName="connector" parentDisplayName="Connector" />
      </MissingDependency>
      <MissingDependency>
        <Required key="0" type="1" schemaName="connector" displayName="Connector" solution="msdyn_PowerConnectors (9.2.0.0)" />
        <Dependent key="9" type="2" schemaName="owneriddsc" parentSchemaName="connector" parentDisplayName="Connector" />
      </MissingDependency>
      <MissingDependency>
        <Required key="0" type="1" schemaName="connector" displayName="Connector" solution="msdyn_PowerConnectors (9.2.0.0)" />
        <Dependent key="10" type="2" schemaName="iconblob" displayName="Icon Blob" parentSchemaName="connector" parentDisplayName="Connector" />
      </MissingDependency>
      <MissingDependency>
        <Required key="0" type="1" schemaName="connector" displayName="Connector" solution="msdyn_PowerConnectors (9.2.0.0)" />
        <Dependent key="11" type="2" schemaName="statuscodename" parentSchemaName="connector" parentDisplayName="Connector" />
      </MissingDependency>
      <MissingDependency>
        <Required key="0" type="1" schemaName="connector" displayName="Connector" solution="msdyn_PowerConnectors (9.2.0.0)" />
        <Dependent key="12" type="2" schemaName="createdbyyominame" parentSchemaName="connector" parentDisplayName="Connector" />
      </MissingDependency>
      <MissingDependency>
        <Required key="0" type="1" schemaName="connector" displayName="Connector" solution="msdyn_PowerConnectors (9.2.0.0)" />
        <Dependent key="13" type="2" schemaName="modifiedonbehalfbyname" parentSchemaName="connector" parentDisplayName="Connector" />
      </MissingDependency>
      <MissingDependency>
        <Required key="0" type="1" schemaName="connector" displayName="Connector" solution="msdyn_PowerConnectors (9.2.0.0)" />
        <Dependent key="14" type="2" schemaName="ismanagedname" parentSchemaName="connector" parentDisplayName="Connector" />
      </MissingDependency>
      <MissingDependency>
        <Required key="0" type="1" schemaName="connector" displayName="Connector" solution="msdyn_PowerConnectors (9.2.0.0)" />
        <Dependent key="15" type="2" schemaName="modifiedbyyominame" parentSchemaName="connector" parentDisplayName="Connector" />
      </MissingDependency>
      <MissingDependency>
        <Required key="0" type="1" schemaName="connector" displayName="Connector" solution="msdyn_PowerConnectors (9.2.0.0)" />
        <Dependent key="16" type="2" schemaName="modifiedbyname" parentSchemaName="connector" parentDisplayName="Connector" />
      </MissingDependency>
      <MissingDependency>
        <Required key="0" type="1" schemaName="connector" displayName="Connector" solution="msdyn_PowerConnectors (9.2.0.0)" />
        <Dependent key="17" type="2" schemaName="connectortypename" parentSchemaName="connector" parentDisplayName="Connector" />
      </MissingDependency>
      <MissingDependency>
        <Required key="0" type="1" schemaName="connector" displayName="Connector" solution="msdyn_PowerConnectors (9.2.0.0)" />
        <Dependent key="18" type="2" schemaName="iconblob_timestamp" parentSchemaName="connector" parentDisplayName="Connector" />
      </MissingDependency>
      <MissingDependency>
        <Required key="0" type="1" schemaName="connector" displayName="Connector" solution="msdyn_PowerConnectors (9.2.0.0)" />
        <Dependent key="19" type="2" schemaName="createdbyname" parentSchemaName="connector" parentDisplayName="Connector" />
      </MissingDependency>
      <MissingDependency>
        <Required key="0" type="1" schemaName="connector" displayName="Connector" solution="msdyn_PowerConnectors (9.2.0.0)" />
        <Dependent key="20" type="2" schemaName="createdby" displayName="Created By" parentSchemaName="connector" parentDisplayName="Connector" />
      </MissingDependency>
      <MissingDependency>
        <Required key="0" type="1" schemaName="connector" displayName="Connector" solution="msdyn_PowerConnectors (9.2.0.0)" />
        <Dependent key="21" type="2" schemaName="owningteam" displayName="Owning Team" parentSchemaName="connector" parentDisplayName="Connector" />
      </MissingDependency>
      <MissingDependency>
        <Required key="0" type="1" schemaName="connector" displayName="Connector" solution="msdyn_PowerConnectors (9.2.0.0)" />
        <Dependent key="22" type="2" schemaName="owneridname" parentSchemaName="connector" parentDisplayName="Connector" />
      </MissingDependency>
      <MissingDependency>
        <Required key="0" type="1" schemaName="connector" displayName="Connector" solution="msdyn_PowerConnectors (9.2.0.0)" />
        <Dependent key="23" type="2" schemaName="componentstatename" parentSchemaName="connector" parentDisplayName="Connector" />
      </MissingDependency>
      <MissingDependency>
        <Required key="0" type="1" schemaName="connector" displayName="Connector" solution="msdyn_PowerConnectors (9.2.0.0)" />
        <Dependent key="24" type="2" schemaName="modifiedonbehalfby" displayName="Modified By (Delegate)" parentSchemaName="connector" parentDisplayName="Connector" />
      </MissingDependency>
      <MissingDependency>
        <Required key="0" type="1" schemaName="connector" displayName="Connector" solution="msdyn_PowerConnectors (9.2.0.0)" />
        <Dependent key="25" type="2" schemaName="createdonbehalfbyyominame" parentSchemaName="connector" parentDisplayName="Connector" />
      </MissingDependency>
      <MissingDependency>
        <Required key="0" type="1" schemaName="connector" displayName="Connector" solution="msdyn_PowerConnectors (9.2.0.0)" />
        <Dependent key="26" type="2" schemaName="owningbusinessunit" displayName="Owning Business Unit" parentSchemaName="connector" parentDisplayName="Connector" />
      </MissingDependency>
      <MissingDependency>
        <Required key="0" type="1" schemaName="connector" displayName="Connector" solution="msdyn_PowerConnectors (9.2.0.0)" />
        <Dependent key="27" type="2" schemaName="modifiedby" displayName="Modified By" parentSchemaName="connector" parentDisplayName="Connector" />
      </MissingDependency>
      <MissingDependency>
        <Required key="0" type="1" schemaName="connector" displayName="Connector" solution="msdyn_PowerConnectors (9.2.0.0)" />
        <Dependent key="28" type="2" schemaName="iconblob_url" parentSchemaName="connector" parentDisplayName="Connector" />
      </MissingDependency>
      <MissingDependency>
        <Required key="0" type="1" schemaName="connector" displayName="Connector" solution="msdyn_PowerConnectors (9.2.0.0)" />
        <Dependent key="29" type="2" schemaName="iconblobid" parentSchemaName="connector" parentDisplayName="Connector" />
      </MissingDependency>
      <MissingDependency>
        <Required key="0" type="1" schemaName="connector" displayName="Connector" solution="msdyn_PowerConnectors (9.2.0.0)" />
        <Dependent key="30" type="2" schemaName="owneridtype" parentSchemaName="connector" parentDisplayName="Connector" />
      </MissingDependency>
      <MissingDependency>
        <Required key="0" type="1" schemaName="connector" displayName="Connector" solution="msdyn_PowerConnectors (9.2.0.0)" />
        <Dependent key="31" type="2" schemaName="statecodename" parentSchemaName="connector" parentDisplayName="Connector" />
      </MissingDependency>
      <MissingDependency>
        <Required key="32" type="1" schemaName="connectionreference" displayName="Connection Reference" solution="PowerPlatformConnectionReferences (1.0.1.0)" />
        <Dependent key="0" type="1" schemaName="connector" displayName="Connector" />
      </MissingDependency>
      <MissingDependency>
        <Required key="0" type="1" schemaName="connector" displayName="Connector" solution="msdyn_PowerConnectors (9.2.0.0)" />
        <Dependent key="33" type="10" schemaName="p4g_Checkin_CheckinContact_connector" displayName="p4g_Checkin_CheckinContact_connector" parentSchemaName="connector" parentDisplayName="Connector" />
      </MissingDependency>
      <MissingDependency>
        <Required key="0" type="1" schemaName="connector" displayName="Connector" solution="msdyn_PowerConnectors (9.2.0.0)" />
        <Dependent key="34" type="300" schemaName="p4g_food4good_48185" displayName="Food4Good" />
      </MissingDependency>
      <MissingDependency>
        <Required key="35" type="1" schemaName="msdyn_aiodlabel" displayName="AI Object Detection Label" solution="msdyn_AISolutionDefaultTemplates (2.3.4.13)" />
        <Dependent key="36" type="300" schemaName="p4g_inventory_48a40" displayName="Inventory" />
      </MissingDependency>
      <MissingDependency>
        <Required key="37" type="1" schemaName="msdyn_aimodel" displayName="AI Model" solution="msdyn_AISolution (2.3.4.13)" />
        <Dependent key="36" type="300" schemaName="p4g_inventory_48a40" displayName="Inventory" />
      </MissingDependency>
      <MissingDependency>
        <Required key="38" type="1" schemaName="msdyn_aiconfiguration" displayName="AI Configuration" solution="msdyn_AISolution (2.3.4.13)" />
        <Dependent key="36" type="300" schemaName="p4g_inventory_48a40" displayName="Inventory" />
      </MissingDependency>
      <MissingDependency>
        <Required key="39" type="2" schemaName="name" displayName="Logical Name of the Connector" parentSchemaName="connector" parentDisplayName="Connector" solution="msdyn_PowerConnectors (9.2.0.0)" />
        <Dependent key="33" type="10" schemaName="p4g_Checkin_CheckinContact_connector" displayName="p4g_Checkin_CheckinContact_connector" parentSchemaName="connector" parentDisplayName="Connector" />
      </MissingDependency>
      <MissingDependency>
        <Required key="40" type="2" schemaName="connectorid" displayName="Connector" parentSchemaName="connector" parentDisplayName="Connector" solution="msdyn_PowerConnectors (9.2.0.0)" />
        <Dependent key="33" type="10" schemaName="p4g_Checkin_CheckinContact_connector" displayName="p4g_Checkin_CheckinContact_connector" parentSchemaName="connector" parentDisplayName="Connector" />
      </MissingDependency>
      <MissingDependency>
        <Required key="41" type="66" schemaName="MscrmControls.Canvas.CanvasControl" displayName="MscrmControls.Canvas.CanvasControl" solution="BaseCustomControlsCore (9.0.2003.5017)" />
        <Dependent key="42" type="60" displayName="Information" parentDisplayName="Delivery Line" id="{9b0a7058-5233-4998-a603-08e67700d38d}" />
      </MissingDependency>
    </MissingDependencies>
  </SolutionManifest>
</ImportExportXml>