{"name":"d0aa857f-bd27-4486-bad1-224910ea6270","id":"/providers/Microsoft.Flow/flows/d0aa857f-bd27-4486-bad1-224910ea6270","type":"Microsoft.Flow/flows","properties":{"apiId":"/providers/Microsoft.PowerApps/apis/shared_logicflows","displayName":"DataUpdate","definition":{"metadata":{"workflowEntityId":null,"creator":{"id":"15637636-c0c0-466d-8bf4-8107796290fc","type":"User","tenantId":"0cca5230-a7ff-4449-82b8-d62ec44c1ba3"},"provisioningMethod":"FromDefinition","failureAlertSubscription":true,"clientLastModifiedTime":"2020-05-02T18:54:12.8919982Z"},"$schema":"https://schema.management.azure.com/providers/Microsoft.Logic/schemas/2016-06-01/workflowdefinition.json#","contentVersion":"1.0.0.0","parameters":{"$connections":{"defaultValue":{},"type":"Object"},"$authentication":{"defaultValue":{},"type":"SecureObject"}},"triggers":{"When_an_item_is_created_or_modified":{"recurrence":{"frequency":"Minute","interval":1},"splitOn":"@triggerBody()?['value']","metadata":{"flowSystemMetadata":{"swaggerOperationId":"GetOnUpdatedItems"}},"type":"ApiConnection","inputs":{"host":{"connection":{"name":"@parameters('$connections')['shared_sharepointonline']['connectionId']"},"api":{"runtimeUrl":"https://india-001.azure-apim.net/apim/sharepointonline"}},"method":"get","path":"/datasets/@{encodeURIComponent(encodeURIComponent('https://madhackers.sharepoint.com/sites/MADHackers'))}/tables/@{encodeURIComponent(encodeURIComponent('ec9c215c-03fd-4ac3-979d-584d7063c358'))}/onupdateditems","authentication":"@parameters('$authentication')"}}},"actions":{"Condition":{"actions":{"Switch":{"runAfter":{},"cases":{"Case":{"case":0,"actions":{"Update_item":{"runAfter":{},"metadata":{"flowSystemMetadata":{"swaggerOperationId":"PatchItem"}},"type":"ApiConnection","inputs":{"host":{"connection":{"name":"@parameters('$connections')['shared_sharepointonline']['connectionId']"},"api":{"runtimeUrl":"https://india-001.azure-apim.net/apim/sharepointonline"}},"method":"patch","body":{"Title":"@triggerBody()?['Title']","Email":"@triggerBody()?['Email']","GovernmentIdNumber":"@triggerBody()?['GovernmentIdNumber']","Age":"@triggerBody()?['Age']","PinCode":"@triggerBody()?['PinCode']","Fever":"@triggerBody()?['Fever']","Cough":"@triggerBody()?['Cough']","Doyouhavedifficultyinbreathing_x":"@triggerBody()?['Doyouhavedifficultyinbreathing_x']","Haveyoutraveledinternationallyin":"@triggerBody()?['Haveyoutraveledinternationallyin']","Haveyoutraveleddomesticallyinthe":"@triggerBody()?['Haveyoutraveleddomesticallyinthe']","Ihaverecentlyinteractedorlivedwi":"@triggerBody()?['Ihaverecentlyinteractedorlivedwi']","IamahealthcareworkerandIexamined":"@triggerBody()?['IamahealthcareworkerandIexamined']","GovernmentId":{"Value":"@triggerBody()?['GovernmentId']?['Value']"},"Sex":{"Value":"@triggerBody()?['Sex']?['Value']"},"Doyoueverhadanyofthefollowing_x0":"@triggerBody()?['Doyoueverhadanyofthefollowing_x0']","Zone":{"Value":"Safe"},"CovidPositive":"@triggerBody()?['CovidPositive']","HospitalizationDate":"@triggerBody()?['HospitalizationDate']","DischargedDate":"@triggerBody()?['DischargedDate']","Country":"India"},"path":"/datasets/@{encodeURIComponent(encodeURIComponent('https://madhackers.sharepoint.com/sites/MADHackers'))}/tables/@{encodeURIComponent(encodeURIComponent('ec9c215c-03fd-4ac3-979d-584d7063c358'))}/items/@{encodeURIComponent(triggerBody()?['ID'])}","authentication":"@parameters('$authentication')"}}}},"Case_2":{"case":1,"actions":{"Update_item_2":{"runAfter":{},"metadata":{"flowSystemMetadata":{"swaggerOperationId":"PatchItem"}},"type":"ApiConnection","inputs":{"host":{"connection":{"name":"@parameters('$connections')['shared_sharepointonline']['connectionId']"},"api":{"runtimeUrl":"https://india-001.azure-apim.net/apim/sharepointonline"}},"method":"patch","body":{"Title":"@triggerBody()?['Title']","Email":"@triggerBody()?['Email']","GovernmentIdNumber":"@triggerBody()?['GovernmentIdNumber']","Age":"@triggerBody()?['Age']","PinCode":"@triggerBody()?['PinCode']","Fever":"@triggerBody()?['Fever']","Cough":"@triggerBody()?['Cough']","Doyouhavedifficultyinbreathing_x":"@triggerBody()?['Doyouhavedifficultyinbreathing_x']","Haveyoutraveledinternationallyin":"@triggerBody()?['Haveyoutraveledinternationallyin']","Haveyoutraveleddomesticallyinthe":"@triggerBody()?['Haveyoutraveleddomesticallyinthe']","Ihaverecentlyinteractedorlivedwi":"@triggerBody()?['Ihaverecentlyinteractedorlivedwi']","IamahealthcareworkerandIexamined":"@triggerBody()?['IamahealthcareworkerandIexamined']","GovernmentId":{"Value":"@triggerBody()?['GovernmentId']?['Value']"},"Sex":{"Value":"@triggerBody()?['Sex']?['Value']"},"Doyoueverhadanyofthefollowing_x0":"@triggerBody()?['Doyoueverhadanyofthefollowing_x0']","Zone":{"Value":"Safe"},"CovidPositive":"@triggerBody()?['CovidPositive']","HospitalizationDate":"@triggerBody()?['HospitalizationDate']","DischargedDate":"@triggerBody()?['DischargedDate']","Country":"India"},"path":"/datasets/@{encodeURIComponent(encodeURIComponent('https://madhackers.sharepoint.com/sites/MADHackers'))}/tables/@{encodeURIComponent(encodeURIComponent('ec9c215c-03fd-4ac3-979d-584d7063c358'))}/items/@{encodeURIComponent(triggerBody()?['ID'])}","authentication":"@parameters('$authentication')"}}}},"Case_3":{"case":2,"actions":{"Update_item_3":{"runAfter":{},"metadata":{"flowSystemMetadata":{"swaggerOperationId":"PatchItem"}},"type":"ApiConnection","inputs":{"host":{"connection":{"name":"@parameters('$connections')['shared_sharepointonline']['connectionId']"},"api":{"runtimeUrl":"https://india-001.azure-apim.net/apim/sharepointonline"}},"method":"patch","body":{"Title":"@triggerBody()?['Title']","Email":"@triggerBody()?['Email']","GovernmentIdNumber":"@triggerBody()?['GovernmentIdNumber']","Age":"@triggerBody()?['Age']","PinCode":"@triggerBody()?['PinCode']","Fever":"@triggerBody()?['Fever']","Cough":"@triggerBody()?['Cough']","Doyouhavedifficultyinbreathing_x":"@triggerBody()?['Doyouhavedifficultyinbreathing_x']","Haveyoutraveledinternationallyin":"@triggerBody()?['Haveyoutraveledinternationallyin']","Haveyoutraveleddomesticallyinthe":"@triggerBody()?['Haveyoutraveleddomesticallyinthe']","Ihaverecentlyinteractedorlivedwi":"@triggerBody()?['Ihaverecentlyinteractedorlivedwi']","IamahealthcareworkerandIexamined":"@triggerBody()?['IamahealthcareworkerandIexamined']","GovernmentId":{"Value":"@triggerBody()?['GovernmentId']?['Value']"},"Sex":{"Value":"@triggerBody()?['Sex']?['Value']"},"Doyoueverhadanyofthefollowing_x0":"@triggerBody()?['Doyoueverhadanyofthefollowing_x0']","Zone":{"Value":"Safe"},"CovidPositive":"@triggerBody()?['CovidPositive']","HospitalizationDate":"@triggerBody()?['HospitalizationDate']","DischargedDate":"@triggerBody()?['DischargedDate']","Country":"India"},"path":"/datasets/@{encodeURIComponent(encodeURIComponent('https://madhackers.sharepoint.com/sites/MADHackers'))}/tables/@{encodeURIComponent(encodeURIComponent('ec9c215c-03fd-4ac3-979d-584d7063c358'))}/items/@{encodeURIComponent(triggerBody()?['ID'])}","authentication":"@parameters('$authentication')"}}}},"Case_4":{"case":3,"actions":{"Update_item_4":{"runAfter":{},"metadata":{"flowSystemMetadata":{"swaggerOperationId":"PatchItem"}},"type":"ApiConnection","inputs":{"host":{"connection":{"name":"@parameters('$connections')['shared_sharepointonline']['connectionId']"},"api":{"runtimeUrl":"https://india-001.azure-apim.net/apim/sharepointonline"}},"method":"patch","body":{"Title":"@triggerBody()?['Title']","Email":"@triggerBody()?['Email']","GovernmentIdNumber":"@triggerBody()?['GovernmentIdNumber']","Age":"@triggerBody()?['Age']","PinCode":"@triggerBody()?['PinCode']","Fever":"@triggerBody()?['Fever']","Cough":"@triggerBody()?['Cough']","Doyouhavedifficultyinbreathing_x":"@triggerBody()?['Doyouhavedifficultyinbreathing_x']","Haveyoutraveledinternationallyin":"@triggerBody()?['Haveyoutraveledinternationallyin']","Haveyoutraveleddomesticallyinthe":"@triggerBody()?['Haveyoutraveleddomesticallyinthe']","Ihaverecentlyinteractedorlivedwi":"@triggerBody()?['Ihaverecentlyinteractedorlivedwi']","IamahealthcareworkerandIexamined":"@triggerBody()?['IamahealthcareworkerandIexamined']","GovernmentId":{"Value":"@triggerBody()?['GovernmentId']?['Value']"},"Sex":{"Value":"@triggerBody()?['Sex']?['Value']"},"Doyoueverhadanyofthefollowing_x0":"@triggerBody()?['Doyoueverhadanyofthefollowing_x0']","Zone":{"Value":"Home Quarantine"},"CovidPositive":"@triggerBody()?['CovidPositive']","HospitalizationDate":"@triggerBody()?['HospitalizationDate']","DischargedDate":"@triggerBody()?['DischargedDate']","Country":"India"},"path":"/datasets/@{encodeURIComponent(encodeURIComponent('https://madhackers.sharepoint.com/sites/MADHackers'))}/tables/@{encodeURIComponent(encodeURIComponent('ec9c215c-03fd-4ac3-979d-584d7063c358'))}/items/@{encodeURIComponent(triggerBody()?['ID'])}","authentication":"@parameters('$authentication')"}}}},"Case_5":{"case":4,"actions":{"Update_item_6":{"runAfter":{},"metadata":{"flowSystemMetadata":{"swaggerOperationId":"PatchItem"}},"type":"ApiConnection","inputs":{"host":{"connection":{"name":"@parameters('$connections')['shared_sharepointonline']['connectionId']"},"api":{"runtimeUrl":"https://india-001.azure-apim.net/apim/sharepointonline"}},"method":"patch","body":{"Title":"@triggerBody()?['Title']","Email":"@triggerBody()?['Email']","GovernmentIdNumber":"@triggerBody()?['GovernmentIdNumber']","Age":"@triggerBody()?['Age']","PinCode":"@triggerBody()?['PinCode']","Fever":"@triggerBody()?['Fever']","Cough":"@triggerBody()?['Cough']","Doyouhavedifficultyinbreathing_x":"@triggerBody()?['Doyouhavedifficultyinbreathing_x']","Haveyoutraveledinternationallyin":"@triggerBody()?['Haveyoutraveledinternationallyin']","Haveyoutraveleddomesticallyinthe":"@triggerBody()?['Haveyoutraveleddomesticallyinthe']","Ihaverecentlyinteractedorlivedwi":"@triggerBody()?['Ihaverecentlyinteractedorlivedwi']","IamahealthcareworkerandIexamined":"@triggerBody()?['IamahealthcareworkerandIexamined']","GovernmentId":{"Value":"@triggerBody()?['GovernmentId']?['Value']"},"Sex":{"Value":"@triggerBody()?['Sex']?['Value']"},"Doyoueverhadanyofthefollowing_x0":"@triggerBody()?['Doyoueverhadanyofthefollowing_x0']","Zone":{"Value":"Home Quarantine"},"CovidPositive":"@triggerBody()?['CovidPositive']","HospitalizationDate":"@triggerBody()?['HospitalizationDate']","DischargedDate":"@triggerBody()?['DischargedDate']","Country":"India"},"path":"/datasets/@{encodeURIComponent(encodeURIComponent('https://madhackers.sharepoint.com/sites/MADHackers'))}/tables/@{encodeURIComponent(encodeURIComponent('ec9c215c-03fd-4ac3-979d-584d7063c358'))}/items/@{encodeURIComponent(triggerBody()?['ID'])}","authentication":"@parameters('$authentication')"}}}}},"default":{"actions":{"Update_item_5":{"runAfter":{},"metadata":{"flowSystemMetadata":{"swaggerOperationId":"PatchItem"}},"type":"ApiConnection","inputs":{"host":{"connection":{"name":"@parameters('$connections')['shared_sharepointonline']['connectionId']"},"api":{"runtimeUrl":"https://india-001.azure-apim.net/apim/sharepointonline"}},"method":"patch","body":{"Title":"@triggerBody()?['Title']","Email":"@triggerBody()?['Email']","GovernmentIdNumber":"@triggerBody()?['GovernmentIdNumber']","Age":"@triggerBody()?['Age']","PinCode":"@triggerBody()?['PinCode']","Fever":"@triggerBody()?['Fever']","Cough":"@triggerBody()?['Cough']","Doyouhavedifficultyinbreathing_x":"@triggerBody()?['Doyouhavedifficultyinbreathing_x']","Haveyoutraveledinternationallyin":"@triggerBody()?['Haveyoutraveledinternationallyin']","Haveyoutraveleddomesticallyinthe":"@triggerBody()?['Haveyoutraveleddomesticallyinthe']","Ihaverecentlyinteractedorlivedwi":"@triggerBody()?['Ihaverecentlyinteractedorlivedwi']","IamahealthcareworkerandIexamined":"@triggerBody()?['IamahealthcareworkerandIexamined']","GovernmentId":{"Value":"@triggerBody()?['GovernmentId']?['Value']"},"Sex":{"Value":"@triggerBody()?['Sex']?['Value']"},"Doyoueverhadanyofthefollowing_x0":"@triggerBody()?['Doyoueverhadanyofthefollowing_x0']","Zone":{"Value":"Susceptible"},"CovidPositive":"@triggerBody()?['CovidPositive']","HospitalizationDate":"@triggerBody()?['HospitalizationDate']","DischargedDate":"@triggerBody()?['DischargedDate']","Country":"India"},"path":"/datasets/@{encodeURIComponent(encodeURIComponent('https://madhackers.sharepoint.com/sites/MADHackers'))}/tables/@{encodeURIComponent(encodeURIComponent('ec9c215c-03fd-4ac3-979d-584d7063c358'))}/items/@{encodeURIComponent(triggerBody()?['ID'])}","authentication":"@parameters('$authentication')"}}}},"expression":"@int(triggerBody()?['SumStatus'])","type":"Switch"}},"runAfter":{},"else":{"actions":{"Condition_2":{"actions":{"Condition_3":{"actions":{"Update_item_7":{"runAfter":{},"metadata":{"flowSystemMetadata":{"swaggerOperationId":"PatchItem"}},"type":"ApiConnection","inputs":{"host":{"connection":{"name":"@parameters('$connections')['shared_sharepointonline']['connectionId']"},"api":{"runtimeUrl":"https://india-001.azure-apim.net/apim/sharepointonline"}},"method":"patch","body":{"Title":"@triggerBody()?['Title']","Email":"@triggerBody()?['Email']","GovernmentIdNumber":"@triggerBody()?['GovernmentIdNumber']","Age":"@triggerBody()?['Age']","PinCode":"@triggerBody()?['PinCode']","Fever":"@triggerBody()?['Fever']","Cough":"@triggerBody()?['Cough']","Doyouhavedifficultyinbreathing_x":"@triggerBody()?['Doyouhavedifficultyinbreathing_x']","Haveyoutraveledinternationallyin":"@triggerBody()?['Haveyoutraveledinternationallyin']","Haveyoutraveleddomesticallyinthe":"@triggerBody()?['Haveyoutraveleddomesticallyinthe']","Ihaverecentlyinteractedorlivedwi":"@triggerBody()?['Ihaverecentlyinteractedorlivedwi']","IamahealthcareworkerandIexamined":"@triggerBody()?['IamahealthcareworkerandIexamined']","GovernmentId":{"Value":"@triggerBody()?['GovernmentId']?['Value']"},"Sex":{"Value":"@triggerBody()?['Sex']?['Value']"},"Doyoueverhadanyofthefollowing_x0":"@triggerBody()?['Doyoueverhadanyofthefollowing_x0']","Zone":{"Value":"COVID Active"},"CovidPositive":"@triggerBody()?['CovidPositive']","HospitalizationDate":"@triggerBody()?['HospitalizationDate']","DischargedDate":"@triggerBody()?['DischargedDate']","Country":"India"},"path":"/datasets/@{encodeURIComponent(encodeURIComponent('https://madhackers.sharepoint.com/sites/MADHackers'))}/tables/@{encodeURIComponent(encodeURIComponent('ec9c215c-03fd-4ac3-979d-584d7063c358'))}/items/@{encodeURIComponent(triggerBody()?['ID'])}","authentication":"@parameters('$authentication')"}}},"runAfter":{},"else":{"actions":{"Update_item_9":{"runAfter":{},"metadata":{"flowSystemMetadata":{"swaggerOperationId":"PatchItem"}},"type":"ApiConnection","inputs":{"host":{"connection":{"name":"@parameters('$connections')['shared_sharepointonline']['connectionId']"},"api":{"runtimeUrl":"https://india-001.azure-apim.net/apim/sharepointonline"}},"method":"patch","body":{"Title":"@triggerBody()?['Title']","Email":"@triggerBody()?['Email']","GovernmentIdNumber":"@triggerBody()?['GovernmentIdNumber']","Age":"@triggerBody()?['Age']","PinCode":"@triggerBody()?['PinCode']","Fever":"@triggerBody()?['Fever']","Cough":"@triggerBody()?['Cough']","Doyouhavedifficultyinbreathing_x":"@triggerBody()?['Doyouhavedifficultyinbreathing_x']","Haveyoutraveledinternationallyin":"@triggerBody()?['Haveyoutraveledinternationallyin']","Haveyoutraveleddomesticallyinthe":"@triggerBody()?['Haveyoutraveleddomesticallyinthe']","Ihaverecentlyinteractedorlivedwi":"@triggerBody()?['Ihaverecentlyinteractedorlivedwi']","IamahealthcareworkerandIexamined":"@triggerBody()?['IamahealthcareworkerandIexamined']","GovernmentId":{"Value":"@triggerBody()?['GovernmentId']?['Value']"},"Sex":{"Value":"@triggerBody()?['Sex']?['Value']"},"Doyoueverhadanyofthefollowing_x0":"@triggerBody()?['Doyoueverhadanyofthefollowing_x0']","Zone":{"Value":"Fatality"},"CovidPositive":"@triggerBody()?['CovidPositive']","HospitalizationDate":"@triggerBody()?['HospitalizationDate']","DischargedDate":"@triggerBody()?['DischargedDate']","Country":"India"},"path":"/datasets/@{encodeURIComponent(encodeURIComponent('https://madhackers.sharepoint.com/sites/MADHackers'))}/tables/@{encodeURIComponent(encodeURIComponent('ec9c215c-03fd-4ac3-979d-584d7063c358'))}/items/@{encodeURIComponent(triggerBody()?['ID'])}","authentication":"@parameters('$authentication')"}}}},"expression":{"equals":["@empty(triggerBody()?['DischargedDate'])",true]},"type":"If"}},"runAfter":{},"else":{"actions":{"Condition_4":{"actions":{"Update_item_8":{"runAfter":{},"metadata":{"flowSystemMetadata":{"swaggerOperationId":"PatchItem"}},"type":"ApiConnection","inputs":{"host":{"connection":{"name":"@parameters('$connections')['shared_sharepointonline']['connectionId']"},"api":{"runtimeUrl":"https://india-001.azure-apim.net/apim/sharepointonline"}},"method":"patch","body":{"Title":"@triggerBody()?['Title']","Email":"@triggerBody()?['Email']","GovernmentIdNumber":"@triggerBody()?['GovernmentIdNumber']","Age":"@triggerBody()?['Age']","PinCode":"@triggerBody()?['PinCode']","Fever":"@triggerBody()?['Fever']","Cough":"@triggerBody()?['Cough']","Doyouhavedifficultyinbreathing_x":"@triggerBody()?['Doyouhavedifficultyinbreathing_x']","Haveyoutraveledinternationallyin":"@triggerBody()?['Haveyoutraveledinternationallyin']","Haveyoutraveleddomesticallyinthe":"@triggerBody()?['Haveyoutraveleddomesticallyinthe']","Ihaverecentlyinteractedorlivedwi":"@triggerBody()?['Ihaverecentlyinteractedorlivedwi']","IamahealthcareworkerandIexamined":"@triggerBody()?['IamahealthcareworkerandIexamined']","GovernmentId":{"Value":"@triggerBody()?['GovernmentId']?['Value']"},"Sex":{"Value":"@triggerBody()?['Sex']?['Value']"},"Doyoueverhadanyofthefollowing_x0":"@triggerBody()?['Doyoueverhadanyofthefollowing_x0']","Zone":{"Value":"Recovered"},"CovidPositive":"@triggerBody()?['CovidPositive']","HospitalizationDate":"@triggerBody()?['HospitalizationDate']","DischargedDate":"@triggerBody()?['DischargedDate']","Country":"India"},"path":"/datasets/@{encodeURIComponent(encodeURIComponent('https://madhackers.sharepoint.com/sites/MADHackers'))}/tables/@{encodeURIComponent(encodeURIComponent('ec9c215c-03fd-4ac3-979d-584d7063c358'))}/items/@{encodeURIComponent(triggerBody()?['ID'])}","authentication":"@parameters('$authentication')"}}},"runAfter":{},"expression":{"not":{"equals":["@empty(triggerBody()?['DischargedDate'])",true]}},"type":"If"}}},"expression":{"equals":["@triggerBody()?['CovidPositive']",true]},"type":"If"}}},"expression":{"equals":["@empty(triggerBody()?['HospitalizationDate'])",true]},"type":"If"}}},"connectionReferences":{"shared_sharepointonline":{"connectionName":"shared-sharepointonl-70272a44-fddf-4822-820c-0e37635cc57c","source":"Embedded","id":"/providers/Microsoft.PowerApps/apis/shared_sharepointonline","tier":"NotSpecified"}},"flowFailureAlertSubscribed":false}}