{"schemaVersion":"1.0","appDefinitionTemplate":{"id":"/providers/Microsoft.PowerApps/apps/","type":"Microsoft.PowerApps/apps","tags":{"primaryDeviceWidth":"1366","primaryDeviceHeight":"768","sienaVersion":"20200503T000245Z-3.20023.8.0","deviceCapabilities":"","supportsPortrait":"false","supportsLandscape":"true","primaryFormFactor":"Tablet","publisherVersion":"3.20023.8","minimumRequiredApiVersion":"2.2.0","hasComponent":"false","hasUnlockedComponent":"false"},"properties":{"appVersion":"2020-05-03T00:02:45Z","lifeCycleId":"Published","createdByClientVersion":{"major":3,"minor":20023,"build":8,"revision":0,"majorRevision":0,"minorRevision":0},"minClientVersion":{"major":3,"minor":20023,"build":8,"revision":0,"majorRevision":0,"minorRevision":0},"backgroundColor":"rgba(0, 176, 240, 1)","backgroundImageUri":"/11160977949206550006/N26cde037-d49c-4419-8726-b1452b4da6d0-logoSmallFile","displayName":"People Flow Manager","description":"","commitMessage":"","appUris":{"documentUri":{"value":"/11160977949206550006/N1c765f57-4310-4d43-b149-10c53b6c4c56-document.msapp","readonlyValue":"/11160977949206550006/N1c765f57-4310-4d43-b149-10c53b6c4c56-document.msapp"},"imageUris":[]},"createdTime":"0001-01-01T00:00:00Z","lastModifiedTime":"0001-01-01T00:00:00Z","sharedGroupsCount":0,"sharedUsersCount":0,"icons":{"smallIconUri":"/11160977949206550006/Nf19a4746-d29a-4d43-9f5c-1f6a0c27bb50-small.png","mediumIconUri":"/11160977949206550006/Na433627b-87fb-4440-8391-4c98177f06f2-medium.png","largeIconUri":"/11160977949206550006/N644deffd-de6c-4677-9ffa-49e6f9289486-large.png","wideIconUri":"/11160977949206550006/N54078b35-b40d-4aba-960a-a81aa71d265f-wide.png"},"connectionReferences":{"2d38971d-371d-4efd-b665-a7e5a40d6310":{"id":"1a652257-0fb4-4e82-9056-12b75dc09973","displayName":"SQL Server","iconUri":"https://connectoricons-prod.azureedge.net/sql/icon_1.0.1336.1969.png","dataSources":["[management].[Configurations]","[management].[Entrances]","[management].[Spaces]","[operation].[Capacity]","[operation].[CapacityHistory]","[sys].[database_firewall_rules]","[management].[Locations]"],"dependencies":[],"dependents":["75956555-7a9e-4a96-aa64-7c7b09a2e6ef"],"parameterHints":{},"isOnPremiseConnection":false,"sharedConnectionId":"91979533-eac8-4e25-ac5c-9ab7246811e5","bypassConsent":false,"dataSets":{"storemanager.database.windows.net,storecontrol":{"dataSources":{"[management].[Configurations]":{"tableName":"[management].[Configurations]"},"[management].[Entrances]":{"tableName":"[management].[Entrances]"},"[management].[Spaces]":{"tableName":"[management].[Spaces]"},"[operation].[Capacity]":{"tableName":"[operation].[Capacity]"},"[operation].[CapacityHistory]":{"tableName":"[operation].[CapacityHistory]"},"[sys].[database_firewall_rules]":{"tableName":"[sys].[database_firewall_rules]"},"[management].[Locations]":{"tableName":"[management].[Locations]"}}}},"apiTier":"Premium","isCustomApiConnection":false},"75956555-7a9e-4a96-aa64-7c7b09a2e6ef":{"id":"89aa51ab-9016-4ebb-b55a-d53779cf0015","displayName":"Logic flows","iconUri":"https://resourcestackdeploy.blob.core.windows.net/scripts/13276078.png","dataSources":["ExecuteSQLstoredprocedureonPowerAppsbuttonclick"],"dependencies":["2d38971d-371d-4efd-b665-a7e5a40d6310"],"dependents":[],"parameterHints":{"workflowName":{"value":"b98db0c8-74a1-405a-b71b-605a4d9e45e4"},"2d38971d-371d-4efd-b665-a7e5a40d6310":{"value":"shared_sql"}},"isOnPremiseConnection":false,"bypassConsent":false,"dataSets":{},"apiTier":"Standard","isCustomApiConnection":false},"49f15ddb-500e-4146-a405-c4e944024188":{"id":"89aa51ab-9016-4ebb-b55a-d53779cf0015","displayName":"Logic flows","iconUri":"https://resourcestackdeploy.blob.core.windows.net/scripts/13276078.png","dataSources":["UpdateUtilisation_1","UpdateUtilisation_2","UpdateUtilisation_3","UpdateUtilisation"],"dependencies":["fc383dac-98a2-46b0-8dc2-cf08479bc766"],"dependents":[],"parameterHints":{"workflowName":{"value":"97c04831-7338-4bdf-9109-3e47a9df1269"},"fc383dac-98a2-46b0-8dc2-cf08479bc766":{"value":"shared_sqldw"}},"isOnPremiseConnection":false,"bypassConsent":false,"dataSets":{},"apiTier":"Standard","isCustomApiConnection":false},"fc383dac-98a2-46b0-8dc2-cf08479bc766":{"id":"96425aaf-c3ff-4c92-9a3e-7fa205dc4a71","displayName":"Azure SQL Data Warehouse","iconUri":"https://connectoricons-prod.azureedge.net/sqldw/icon_1.0.1329.1953.png","dataSources":[],"dependencies":[],"dependents":["49f15ddb-500e-4146-a405-c4e944024188"],"parameterHints":{},"isOnPremiseConnection":false,"sharedConnectionId":"b94b8f83-1c7f-466b-a6c6-700ff81ab6a4","bypassConsent":false,"dataSets":{},"apiTier":"Premium","isCustomApiConnection":false}},"databaseReferences":{},"almMode":"Environment","performanceOptimizationEnabled":false,"canConsumeAppPass":true},"isAppComponentLibrary":false,"appType":"ClassicCanvasApp","appComponents":[]}}