{"name":"a56923d7-ce79-4b2c-b6b7-ea6bed935758","id":"/providers/Microsoft.Flow/flows/a56923d7-ce79-4b2c-b6b7-ea6bed935758","type":"Microsoft.Flow/flows","properties":{"apiId":"/providers/Microsoft.PowerApps/apis/shared_logicflows","displayName":"Safe Noti","definition":{"metadata":{"workflowEntityId":null,"creator":{"id":"35a8b210-97d3-455c-99d8-0cf061cd6a23","type":"User","tenantId":"0cca5230-a7ff-4449-82b8-d62ec44c1ba3"},"provisioningMethod":"FromDefinition","failureAlertSubscription":true,"clientLastModifiedTime":"2020-05-03T04:29:19.89957Z"},"$schema":"https://schema.management.azure.com/providers/Microsoft.Logic/schemas/2016-06-01/workflowdefinition.json#","contentVersion":"1.0.0.0","parameters":{"$connections":{"defaultValue":{},"type":"Object"},"$authentication":{"defaultValue":{},"type":"SecureObject"}},"triggers":{"Recurrence":{"recurrence":{"frequency":"Week","interval":1,"timeZone":"India Standard Time","schedule":{"hours":["5"]}},"type":"Recurrence"}},"actions":{"Apply_to_each":{"foreach":"@body('Get_items_2')?['value']","actions":{"Condition":{"actions":{"Condition_2":{"actions":{"Send_an_email_notification_(V3)":{"runAfter":{},"metadata":{"flowSystemMetadata":{"swaggerOperationId":"SendEmailV3"}},"type":"ApiConnection","inputs":{"host":{"connection":{"name":"@parameters('$connections')['shared_sendmail']['connectionId']"},"api":{"runtimeUrl":"https://india-001.azure-apim.net/apim/sendmail"}},"method":"post","body":{"to":"@{items('Apply_to_each')?['Email']};","subject":"Notification","text":"<p>Hope you are doing well!<br>\nPlease update your data in application so that we can keep a track of your health.</p>","ishtml":true},"path":"/v3/mail/send","authentication":"@parameters('$authentication')"}}},"runAfter":{},"else":{"actions":{"Condition_3":{"actions":{"Send_an_email_notification_(V3)_2":{"runAfter":{},"metadata":{"flowSystemMetadata":{"swaggerOperationId":"SendEmailV3"}},"type":"ApiConnection","inputs":{"host":{"connection":{"name":"@parameters('$connections')['shared_sendmail']['connectionId']"},"api":{"runtimeUrl":"https://india-001.azure-apim.net/apim/sendmail"}},"method":"post","body":{"to":"@{items('Apply_to_each')?['Email']};","subject":"Notification","text":"<p>Hope you are doing well and not showing any symptoms again.<br>\nPlease update your data in the application so that we can keep a check on your health.</p>","ishtml":true},"path":"/v3/mail/send","authentication":"@parameters('$authentication')"}}},"runAfter":{},"expression":{"contains":["@items('Apply_to_each')?['Zone']?['Value']","Recovered"]},"type":"If"}}},"expression":{"contains":["@items('Apply_to_each')?['Zone']?['Value']","Safe"]},"type":"If"}},"runAfter":{},"expression":{"less":["@items('Apply_to_each')?['Modified']","@addDays(utcNow(),-7)"]},"type":"If"}},"runAfter":{"Get_items_2":["Succeeded"]},"type":"Foreach"},"Get_items_2":{"runAfter":{},"metadata":{"flowSystemMetadata":{"swaggerOperationId":"GetItems"}},"type":"ApiConnection","inputs":{"host":{"connection":{"name":"@parameters('$connections')['shared_sharepointonline_1']['connectionId']"},"api":{"runtimeUrl":"https://india-001.azure-apim.net/apim/sharepointonline"}},"method":"get","path":"/datasets/@{encodeURIComponent(encodeURIComponent('https://madhackers.sharepoint.com/sites/MADHackers'))}/tables/@{encodeURIComponent(encodeURIComponent('ec9c215c-03fd-4ac3-979d-584d7063c358'))}/items","authentication":"@parameters('$authentication')"}}}},"connectionReferences":{"shared_sendmail":{"connectionName":"shared-sendmail-9c0f8f5b-9368-4c21-8138-f29fb4741b17","source":"Embedded","id":"/providers/Microsoft.PowerApps/apis/shared_sendmail","tier":"NotSpecified"},"shared_sharepointonline_1":{"connectionName":"shared-sharepointonl-70272a44-fddf-4822-820c-0e37635cc57c","source":"Embedded","id":"/providers/Microsoft.PowerApps/apis/shared_sharepointonline","tier":"NotSpecified"}},"flowFailureAlertSubscribed":false}}