{"properties":{"connectionReferences":{"shared_microsoftforms":{"runtimeSource":"embedded","connection":{},"api":{"name":"shared_microsoftforms"}},"shared_commondataserviceforapps":{"runtimeSource":"embedded","connection":{},"api":{"name":"shared_commondataserviceforapps"}}},"definition":{"$schema":"https://schema.management.azure.com/providers/Microsoft.Logic/schemas/2016-06-01/workflowdefinition.json#","contentVersion":"1.0.0.0","parameters":{"$connections":{"defaultValue":{},"type":"Object"},"$authentication":{"defaultValue":{},"type":"SecureObject"}},"triggers":{"When_a_new_response_is_submitted":{"splitOn":"@triggerOutputs()?['body/value']","type":"OpenApiConnectionWebhook","inputs":{"host":{"connectionName":"shared_microsoftforms","operationId":"CreateFormWebhook","apiId":"/providers/Microsoft.PowerApps/apis/shared_microsoftforms"},"parameters":{"form_id":"W5wMiZbuIUmt5_jCrXhzNlp_znHO35tNqs3QUKbbeTdUODdMTVEzRVM4TUFMRkVNVFgwMERJRElBMy4u"},"authentication":"@parameters('$authentication')"}}},"actions":{"Get_response_details":{"runAfter":{},"type":"OpenApiConnection","inputs":{"host":{"connectionName":"shared_microsoftforms","operationId":"GetFormResponseById","apiId":"/providers/Microsoft.PowerApps/apis/shared_microsoftforms"},"parameters":{"form_id":"W5wMiZbuIUmt5_jCrXhzNlp_znHO35tNqs3QUKbbeTdUODdMTVEzRVM4TUFMRkVNVFgwMERJRElBMy4u","response_id":"@triggerOutputs()?['body/resourceData/responseId']"},"authentication":"@parameters('$authentication')"}},"Create_a_new_record_2":{"runAfter":{"Get_response_details":["Succeeded"]},"type":"OpenApiConnection","inputs":{"host":{"connectionName":"shared_commondataserviceforapps","operationId":"CreateRecord","apiId":"/providers/Microsoft.PowerApps/apis/shared_commondataserviceforapps"},"parameters":{"entityName":"p4g_items","item/p4g_name":"@outputs('Get_response_details')?['body/r119f7bd396ee459b9d9825938f127224']","item/p4g_type":486490000,"item/p4g_unit":486490000},"authentication":"@parameters('$authentication')"}}},"outputs":{}}},"schemaVersion":"1.0.0.0"}