<ImportExportXml version="9.1.0.16532" SolutionPackageVersion="9.1" languagecode="1033" generatedBy="CrmLive" xmlns:xsi="http://www.w3.org/2001/XMLSchema-instance">
  <SolutionManifest>
    <UniqueName>MBASAU7Responsecollective</UniqueName>
    <LocalizedNames>
      <LocalizedName description="MBAS AU 7 - Response collective" languagecode="1033" />
    </LocalizedNames>
    <Descriptions />
    <Version>1.0.0.2</Version>
    <Managed>0</Managed>
    <Publisher>
      <UniqueName>DefaultPublisherorg1cf2489e</UniqueName>
      <LocalizedNames>
        <LocalizedName description="Default Publisher for org1cf2489e" languagecode="1033" />
      </LocalizedNames>
      <Descriptions>
        <Description description="Default publisher for this organization" languagecode="1033" />
      </Descriptions>
      <EMailAddress xsi:nil="true"></EMailAddress>
      <SupportingWebsiteUrl xsi:nil="true"></SupportingWebsiteUrl>
      <CustomizationPrefix>mbas</CustomizationPrefix>
      <CustomizationOptionValuePrefix>86515</CustomizationOptionValuePrefix>
      <Addresses>
        <Address>
          <AddressNumber>1</AddressNumber>
          <AddressTypeCode xsi:nil="true"></AddressTypeCode>
          <City xsi:nil="true"></City>
          <County xsi:nil="true"></County>
          <Country xsi:nil="true"></Country>
          <Fax xsi:nil="true"></Fax>
          <FreightTermsCode xsi:nil="true"></FreightTermsCode>
          <ImportSequenceNumber xsi:nil="true"></ImportSequenceNumber>
          <Latitude xsi:nil="true"></Latitude>
          <Line1 xsi:nil="true"></Line1>
          <Line2 xsi:nil="true"></Line2>
          <Line3 xsi:nil="true"></Line3>
          <Longitude xsi:nil="true"></Longitude>
          <Name xsi:nil="true"></Name>
          <PostalCode xsi:nil="true"></PostalCode>
          <PostOfficeBox xsi:nil="true"></PostOfficeBox>
          <PrimaryContactName xsi:nil="true"></PrimaryContactName>
          <ShippingMethodCode xsi:nil="true"></ShippingMethodCode>
          <StateOrProvince xsi:nil="true"></StateOrProvince>
          <Telephone1 xsi:nil="true"></Telephone1>
          <Telephone2 xsi:nil="true"></Telephone2>
          <Telephone3 xsi:nil="true"></Telephone3>
          <TimeZoneRuleVersionNumber xsi:nil="true"></TimeZoneRuleVersionNumber>
          <UPSZone xsi:nil="true"></UPSZone>
          <UTCOffset xsi:nil="true"></UTCOffset>
          <UTCConversionTimeZoneCode xsi:nil="true"></UTCConversionTimeZoneCode>
        </Address>
        <Address>
          <AddressNumber>2</AddressNumber>
          <AddressTypeCode xsi:nil="true"></AddressTypeCode>
          <City xsi:nil="true"></City>
          <County xsi:nil="true"></County>
          <Country xsi:nil="true"></Country>
          <Fax xsi:nil="true"></Fax>
          <FreightTermsCode xsi:nil="true"></FreightTermsCode>
          <ImportSequenceNumber xsi:nil="true"></ImportSequenceNumber>
          <Latitude xsi:nil="true"></Latitude>
          <Line1 xsi:nil="true"></Line1>
          <Line2 xsi:nil="true"></Line2>
          <Line3 xsi:nil="true"></Line3>
          <Longitude xsi:nil="true"></Longitude>
          <Name xsi:nil="true"></Name>
          <PostalCode xsi:nil="true"></PostalCode>
          <PostOfficeBox xsi:nil="true"></PostOfficeBox>
          <PrimaryContactName xsi:nil="true"></PrimaryContactName>
          <ShippingMethodCode xsi:nil="true"></ShippingMethodCode>
          <StateOrProvince xsi:nil="true"></StateOrProvince>
          <Telephone1 xsi:nil="true"></Telephone1>
          <Telephone2 xsi:nil="true"></Telephone2>
          <Telephone3 xsi:nil="true"></Telephone3>
          <TimeZoneRuleVersionNumber xsi:nil="true"></TimeZoneRuleVersionNumber>
          <UPSZone xsi:nil="true"></UPSZone>
          <UTCOffset xsi:nil="true"></UTCOffset>
          <UTCConversionTimeZoneCode xsi:nil="true"></UTCConversionTimeZoneCode>
        </Address>
      </Addresses>
    </Publisher>
    <RootComponents>
      <RootComponent type="1" schemaName="account" behavior="0" />
      <RootComponent type="1" schemaName="contact" behavior="0" />
      <RootComponent type="1" schemaName="mbas_assistanceprovided" behavior="0" />
      <RootComponent type="1" schemaName="mbas_assistancetype" behavior="0" />
      <RootComponent type="1" schemaName="mbas_donorcapability" behavior="0" />
      <RootComponent type="1" schemaName="mbas_location" behavior="0" />
      <RootComponent type="1" schemaName="mbas_requestforassistance" behavior="0" />
      <RootComponent type="1" schemaName="mbas_volunteerserviceareas" behavior="0" />
      <RootComponent type="29" id="{122119ea-58da-455e-9158-449883923648}" behavior="0" />
      <RootComponent type="29" id="{4a57fcd9-488c-ea11-a811-000d3a6aaf7c}" behavior="0" />
      <RootComponent type="29" id="{4fdaaf10-578c-ea11-a811-000d3a6aaf7c}" behavior="0" />
      <RootComponent type="29" id="{503c2a36-468c-ea11-a811-000d3a6aaf7c}" behavior="0" />
      <RootComponent type="29" id="{98ecc5c0-5d8c-ea11-a811-000d3a6aaf7c}" behavior="0" />
      <RootComponent type="29" id="{b22bf946-958c-ea11-a811-000d3a6aaf7c}" behavior="0" />
      <RootComponent type="29" id="{f5603ff1-868c-ea11-a811-000d3a6aaf7c}" behavior="0" />
      <RootComponent type="60" id="{16ec6a41-a82d-4ea3-a2ec-c45ba5b14df0}" behavior="0" />
      <RootComponent type="60" id="{1fed44d1-ae68-4a41-bd2b-f13acac4acfa}" behavior="0" />
      <RootComponent type="60" id="{8270f1a7-800a-4d9f-b82e-c82a4da9ce5c}" behavior="0" />
      <RootComponent type="60" id="{94da20b9-9c8c-ea11-a811-000d3a6aaf7c}" behavior="0" />
      <RootComponent type="60" id="{ebeafc75-31ce-40b6-8da9-8f16769ac141}" behavior="0" />
      <RootComponent type="61" schemaName="mbas_PBIAssistanceReport" behavior="0" />
      <RootComponent type="62" schemaName="mbas_ManageDonorsandNeeds" behavior="0" />
      <RootComponent type="80" schemaName="mbas_ManageDonorsandNeeds" behavior="0" />
    </RootComponents>
    <MissingDependencies>
      <MissingDependency>
        <Required key="0" type="1" schemaName="adx_bpf_c2857b638fa7473d8e2f112c232cebd8" displayName="Change Password for Portals Contact" solution="MicrosoftIdentity (9.2.2001.0)" />
        <Dependent key="1" type="1" schemaName="contact" displayName="Contact" />
      </MissingDependency>
      <MissingDependency>
        <Required key="2" type="1" schemaName="adx_externalidentity" displayName="External Identity" solution="MicrosoftIdentity (9.2.2001.0)" />
        <Dependent key="1" type="1" schemaName="contact" displayName="Contact" />
      </MissingDependency>
      <MissingDependency>
        <Required key="3" type="1" schemaName="adx_webpage" displayName="Web Page" solution="MicrosoftPortalDependencies (9.2.10.0)" />
        <Dependent key="1" type="1" schemaName="contact" displayName="Contact" />
      </MissingDependency>
      <MissingDependency>
        <Required key="4" type="1" schemaName="adx_pagealert" displayName="Page Alert" solution="MicrosoftPortalBase (9.2.2001.0)" />
        <Dependent key="1" type="1" schemaName="contact" displayName="Contact" />
      </MissingDependency>
      <MissingDependency>
        <Required key="5" type="1" schemaName="adx_invitation" displayName="Invitation" solution="MicrosoftPortalBase (9.2.2001.0)" />
        <Dependent key="1" type="1" schemaName="contact" displayName="Contact" />
      </MissingDependency>
      <MissingDependency>
        <Required key="5" type="1" schemaName="adx_invitation" displayName="Invitation" solution="MicrosoftPortalBase (9.2.2001.0)" />
        <Dependent key="6" type="1" schemaName="account" displayName="Account" />
      </MissingDependency>
      <MissingDependency>
        <Required key="7" type="1" schemaName="adx_webpagelog" displayName="Web Page Log" solution="MicrosoftPortalBase (9.2.2001.0)" />
        <Dependent key="1" type="1" schemaName="contact" displayName="Contact" />
      </MissingDependency>
      <MissingDependency>
        <Required key="8" type="1" schemaName="adx_webfilelog" displayName="Web File Log" solution="MicrosoftPortalBase (9.2.2001.0)" />
        <Dependent key="1" type="1" schemaName="contact" displayName="Contact" />
      </MissingDependency>
      <MissingDependency>
        <Required key="9" type="1" schemaName="adx_pollsubmission" displayName="Poll Submission" solution="MicrosoftPortalBase (9.2.2001.0)" />
        <Dependent key="1" type="1" schemaName="contact" displayName="Contact" />
      </MissingDependency>
      <MissingDependency>
        <Required key="10" type="1" schemaName="adx_pagenotification" displayName="Page Notification" solution="MicrosoftPortalBase (9.2.2001.0)" />
        <Dependent key="1" type="1" schemaName="contact" displayName="Contact" />
      </MissingDependency>
      <MissingDependency>
        <Required key="11" type="1" schemaName="adx_webpagehistory" displayName="Web Page History" solution="MicrosoftPortalBase (9.2.2001.0)" />
        <Dependent key="1" type="1" schemaName="contact" displayName="Contact" />
      </MissingDependency>
      <MissingDependency>
        <Required key="12" type="1" schemaName="adx_webformsession" displayName="Web Form Session" solution="MicrosoftPortalWebForms (9.2.2001.0)" />
        <Dependent key="1" type="1" schemaName="contact" displayName="Contact" />
      </MissingDependency>
      <MissingDependency>
        <Required key="13" type="1" schemaName="adx_portallanguage" displayName="Portal Language" solution="MicrosoftPortalBase (9.2.2001.0)" />
        <Dependent key="14" type="10" schemaName="adx_portallanguage_contact" displayName="adx_portallanguage_contact" parentSchemaName="adx_portallanguage" parentDisplayName="Portal Language" />
      </MissingDependency>
      <MissingDependency>
        <Required key="15" type="2" schemaName="msa_managingpartnerid" displayName="Managing Partner" parentSchemaName="contact" parentDisplayName="Contact" solution="MicrosoftPortalDependencies (9.2.10.0)" />
        <Dependent key="16" type="2" schemaName="parentcustomerid" displayName="Company Name" parentSchemaName="contact" parentDisplayName="Contact" />
      </MissingDependency>
      <MissingDependency>
        <Required key="17" type="2" schemaName="adx_preferredlanguageid" displayName="Preferred Language" parentSchemaName="contact" parentDisplayName="Contact" solution="MicrosoftPortalBase (9.2.2001.0)" />
        <Dependent key="14" type="10" schemaName="adx_portallanguage_contact" displayName="adx_portallanguage_contact" parentSchemaName="adx_portallanguage" parentDisplayName="Portal Language" />
      </MissingDependency>
      <MissingDependency>
        <Required key="18" type="2" schemaName="msa_managingpartnerid" displayName="Managing Partner" parentSchemaName="account" parentDisplayName="Account" solution="MicrosoftPortalDependencies (9.2.10.0)" />
        <Dependent key="19" type="10" schemaName="msa_account_managingpartner" displayName="msa_account_managingpartner" parentSchemaName="account" parentDisplayName="Account" />
      </MissingDependency>
      <MissingDependency>
        <Required key="20" type="2" schemaName="adx_name" displayName="Name" parentSchemaName="adx_portallanguage" parentDisplayName="Portal Language" solution="MicrosoftPortalBase (9.2.2001.0)" />
        <Dependent key="14" type="10" schemaName="adx_portallanguage_contact" displayName="adx_portallanguage_contact" parentSchemaName="adx_portallanguage" parentDisplayName="Portal Language" />
      </MissingDependency>
      <MissingDependency>
        <Required key="21" type="2" schemaName="adx_portallanguageid" displayName="Portal Language" parentSchemaName="adx_portallanguage" parentDisplayName="Portal Language" solution="MicrosoftPortalBase (9.2.2001.0)" />
        <Dependent key="14" type="10" schemaName="adx_portallanguage_contact" displayName="adx_portallanguage_contact" parentSchemaName="adx_portallanguage" parentDisplayName="Portal Language" />
      </MissingDependency>
      <MissingDependency>
        <Required key="14" type="10" schemaName="adx_portallanguage_contact" displayName="adx_portallanguage_contact" parentSchemaName="adx_portallanguage" parentDisplayName="Portal Language" solution="MicrosoftPortalBase (9.2.2001.0)" />
        <Dependent key="14" type="10" schemaName="adx_portallanguage_contact" displayName="adx_portallanguage_contact" parentSchemaName="adx_portallanguage" parentDisplayName="Portal Language" />
      </MissingDependency>
      <MissingDependency>
        <Required key="22" type="10" schemaName="msa_contact_managingpartner" displayName="msa_contact_managingpartner" parentSchemaName="account" parentDisplayName="Account" solution="MicrosoftPortalDependencies (9.2.10.0)" />
        <Dependent key="23" type="2" schemaName="msa_managingpartneridyominame" parentSchemaName="contact" parentDisplayName="Contact" />
      </MissingDependency>
      <MissingDependency>
        <Required key="22" type="10" schemaName="msa_contact_managingpartner" displayName="msa_contact_managingpartner" parentSchemaName="account" parentDisplayName="Account" solution="MicrosoftPortalDependencies (9.2.10.0)" />
        <Dependent key="24" type="2" schemaName="msa_managingpartneridname" parentSchemaName="contact" parentDisplayName="Contact" />
      </MissingDependency>
      <MissingDependency>
        <Required key="19" type="10" schemaName="msa_account_managingpartner" displayName="msa_account_managingpartner" parentSchemaName="account" parentDisplayName="Account" solution="MicrosoftPortalDependencies (9.2.10.0)" />
        <Dependent key="25" type="2" schemaName="msa_managingpartneridyominame" parentSchemaName="account" parentDisplayName="Account" />
      </MissingDependency>
      <MissingDependency>
        <Required key="14" type="10" schemaName="adx_portallanguage_contact" displayName="adx_portallanguage_contact" parentSchemaName="adx_portallanguage" parentDisplayName="Portal Language" solution="MicrosoftPortalBase (9.2.2001.0)" />
        <Dependent key="26" type="2" schemaName="adx_preferredlanguageidname" parentSchemaName="contact" parentDisplayName="Contact" />
      </MissingDependency>
      <MissingDependency>
        <Required key="19" type="10" schemaName="msa_account_managingpartner" displayName="msa_account_managingpartner" parentSchemaName="account" parentDisplayName="Account" solution="MicrosoftPortalDependencies (9.2.10.0)" />
        <Dependent key="27" type="2" schemaName="msa_managingpartneridname" parentSchemaName="account" parentDisplayName="Account" />
      </MissingDependency>
      <MissingDependency>
        <Required key="28" type="60" displayName="Contact" parentDisplayName="Contact" solution="msdynce_AppCommon (9.0.4.0066)" id="{1fed44d1-ae68-4a41-bd2b-f13acac4acfa}" />
        <Dependent key="28" type="60" displayName="Contact" parentDisplayName="Contact" id="{1fed44d1-ae68-4a41-bd2b-f13acac4acfa}" />
      </MissingDependency>
      <MissingDependency>
        <Required key="29" type="61" schemaName="msdyn_/Images/AppModule_Default_Icon.png" displayName="msdyn_/Images/AppModule_Default_Icon.png" solution="AppModuleWebResources (2.5)" />
        <Dependent key="30" type="80" schemaName="mbas_ManageDonorsandNeeds" displayName="ICAN/Response Collective" />
      </MissingDependency>
      <MissingDependency>
        <Required key="31" type="61" schemaName="AppCommon/Contact/Contact_main_system_library.js" displayName="AppCommon/Contact/Contact_main_system_library.js" solution="msdynce_AppCommon (9.0.4.0066)" />
        <Dependent key="28" type="60" displayName="Contact" parentDisplayName="Contact" id="{1fed44d1-ae68-4a41-bd2b-f13acac4acfa}" />
      </MissingDependency>
    </MissingDependencies>
  </SolutionManifest>
</ImportExportXml>